datetime,y,client,close,price_am,price_pm
2010/7/1,17,0,0,0,0
2010/7/2,18,0,0,0,0
2010/7/3,20,0,0,1,1
2010/7/4,20,0,0,1,1
2010/7/5,14,0,0,0,0
2010/7/6,14,0,0,0,0
2010/7/7,4,0,0,0,0
2010/7/8,10,0,0,0,0
2010/7/9,12,0,0,0,0
2010/7/10,21,0,0,1,1
2010/7/11,15,0,0,1,1
2010/7/12,11,0,0,0,0
2010/7/13,8,0,0,0,0
2010/7/14,13,0,0,0,0
2010/7/15,8,0,0,0,0
2010/7/16,16,0,0,0,0
2010/7/17,23,0,0,1,1
2010/7/18,25,0,0,1,1
2010/7/19,18,0,0,0,0
2010/7/20,21,0,0,0,0
2010/7/21,9,0,0,0,0
2010/7/22,8,0,0,0,0
2010/7/23,12,0,0,0,0
2010/7/24,23,0,0,1,1
2010/7/25,18,0,0,1,1
2010/7/26,18,0,0,0,0
2010/7/27,14,0,0,0,0
2010/7/28,18,0,0,0,0
2010/7/29,19,0,0,0,0
2010/7/30,15,0,0,0,0
2010/7/31,18,0,0,1,1
2010/8/1,20,0,0,1,1
2010/8/2,17,0,0,0,0
2010/8/3,15,0,0,0,0
2010/8/4,14,0,0,0,0
2010/8/5,15,0,0,0,0
2010/8/6,17,0,0,0,0
2010/8/7,18,0,0,1,1
2010/8/8,20,0,0,1,1
2010/8/9,11,0,0,0,0
2010/8/10,13,0,0,0,0
2010/8/11,15,0,0,0,0
2010/8/12,15,0,0,0,0
2010/8/13,15,0,0,0,0
2010/8/14,18,0,0,1,1
2010/8/15,12,0,0,1,1
2010/8/16,18,0,0,0,0
2010/8/17,15,0,0,0,0
2010/8/18,0,0,0,0,0
2010/8/19,17,0,0,0,0
2010/8/20,15,0,0,0,0
2010/8/21,19,0,0,1,1
2010/8/22,18,0,0,1,1
2010/8/23,19,0,0,0,0
2010/8/24,11,0,0,0,0
2010/8/25,13,0,0,0,0
2010/8/26,20,0,0,0,0
2010/8/27,20,0,0,0,0
2010/8/28,27,0,0,1,1
2010/8/29,23,0,0,1,1
2010/8/30,24,0,0,0,0
2010/8/31,18,0,0,0,0
2010/9/1,19,0,0,0,0
2010/9/2,16,0,0,0,0
2010/9/3,13,0,0,0,0
2010/9/4,15,0,0,1,1
2010/9/5,21,0,0,1,1
2010/9/6,11,0,0,0,0
2010/9/7,19,0,0,0,0
2010/9/8,9,0,0,0,0
2010/9/9,4,0,0,0,0
2010/9/10,9,0,0,0,0
2010/9/11,13,0,0,1,1
2010/9/12,12,0,0,1,1
2010/9/13,11,0,0,0,0
2010/9/14,10,0,0,0,0
2010/9/15,14,0,0,0,0
2010/9/16,7,0,0,0,0
2010/9/17,19,0,0,0,0
2010/9/18,19,0,0,1,1
2010/9/19,13,0,0,1,1
2010/9/20,16,0,0,0,0
2010/9/21,18,0,0,0,0
2010/9/22,12,0,0,0,0
2010/9/23,32,0,0,0,0
2010/9/24,30,0,0,0,0
2010/9/25,24,0,0,1,1
2010/9/26,26,0,0,1,1
2010/9/27,17,0,0,0,0
2010/9/28,23,0,0,0,0
2010/9/29,15,0,0,0,0
2010/9/30,27,0,0,0,0
2010/10/1,24,0,0,0,0
2010/10/2,18,0,0,1,1
2010/10/3,16,0,0,1,1
2010/10/4,10,0,0,0,0
2010/10/5,13,0,0,0,0
2010/10/6,3,0,0,0,0
2010/10/7,7,0,0,0,0
2010/10/8,11,0,0,0,0
2010/10/9,17,0,0,1,1
2010/10/10,18,0,0,1,1
2010/10/11,7,0,0,0,0
2010/10/12,8,0,0,0,0
2010/10/13,8,0,0,0,0
2010/10/14,13,0,0,0,0
2010/10/15,9,0,0,0,0
2010/10/16,17,0,0,1,1
2010/10/17,12,0,0,1,1
2010/10/18,11,0,0,0,0
2010/10/19,6,0,0,0,0
2010/10/20,12,0,0,0,0
2010/10/21,3,0,0,0,0
2010/10/22,7,0,0,0,0
2010/10/23,21,0,0,1,1
2010/10/24,20,0,0,1,1
2010/10/25,13,0,0,0,0
2010/10/26,12,0,0,0,0
2010/10/27,13,0,0,0,0
2010/10/28,18,0,0,0,0
2010/10/29,26,0,0,0,0
2010/10/30,29,0,0,1,1
2010/10/31,23,0,0,1,1
2010/11/1,16,0,0,0,0
2010/11/2,12,0,0,0,0
2010/11/3,15,0,0,0,0
2010/11/4,11,0,0,0,0
2010/11/5,13,0,0,0,0
2010/11/6,17,0,0,1,1
2010/11/7,13,0,0,1,1
2010/11/8,8,0,0,0,0
2010/11/9,7,0,0,0,0
2010/11/10,11,0,0,0,0
2010/11/11,11,0,0,0,0
2010/11/12,15,0,0,0,0
2010/11/13,16,0,0,1,1
2010/11/14,19,0,0,1,1
2010/11/15,21,0,0,0,0
2010/11/16,14,0,0,0,0
2010/11/17,11,0,0,0,0
2010/11/18,9,0,0,0,0
2010/11/19,25,0,0,0,0
2010/11/20,24,0,0,1,1
2010/11/21,22,0,0,1,1
2010/11/22,22,0,0,0,0
2010/11/23,16,0,0,0,0
2010/11/24,14,0,0,0,0
2010/11/25,18,0,0,0,0
2010/11/26,22,0,0,0,0
2010/11/27,26,0,0,1,1
2010/11/28,22,0,0,1,1
2010/11/29,22,0,0,0,0
2010/11/30,21,0,0,0,0
2010/12/1,23,0,0,0,0
2010/12/2,14,0,0,0,0
2010/12/3,18,0,0,0,0
2010/12/4,27,0,0,1,1
2010/12/5,16,0,0,1,1
2010/12/6,17,0,0,0,0
2010/12/7,12,0,0,0,0
2010/12/8,13,0,0,0,0
2010/12/9,12,0,0,0,0
2010/12/10,19,0,0,0,0
2010/12/11,14,0,0,1,1
2010/12/12,23,0,0,1,1
2010/12/13,16,0,0,0,0
2010/12/14,13,0,0,0,0
2010/12/15,21,0,0,0,0
2010/12/16,17,0,0,0,0
2010/12/17,21,0,0,0,0
2010/12/18,23,0,0,1,1
2010/12/19,27,0,0,1,1
2010/12/20,23,0,0,0,0
2010/12/21,22,0,0,0,0
2010/12/22,21,0,0,0,0
2010/12/23,18,0,0,0,0
2010/12/24,29,0,0,0,0
2010/12/25,28,0,0,1,1
2010/12/26,26,0,0,1,1
2010/12/27,26,0,0,0,0
2010/12/28,18,0,0,0,0
2010/12/29,23,0,0,0,0
2010/12/30,15,0,0,0,0
2010/12/31,0,0,1,0,0
2011/1/1,0,0,1,1,1
2011/1/2,0,0,1,1,1
2011/1/3,0,0,1,0,0
2011/1/4,16,0,0,0,0
2011/1/5,16,0,0,0,0
2011/1/6,13,0,0,0,0
2011/1/7,14,0,0,0,0
2011/1/8,16,0,0,0,0
2011/1/9,16,0,0,0,0
2011/1/10,14,0,0,0,0
2011/1/11,13,0,0,0,0
2011/1/12,5,0,0,0,0
2011/1/13,9,0,0,0,0
2011/1/14,14,0,0,0,0
2011/1/15,19,0,0,0,0
2011/1/16,22,0,0,0,0
2011/1/17,12,0,0,0,0
2011/1/18,11,0,0,0,0
2011/1/19,6,0,0,0,0
2011/1/20,7,0,0,0,0
2011/1/21,14,0,0,0,0
2011/1/22,17,0,0,1,0
2011/1/23,18,0,0,0,0
2011/1/24,12,0,0,0,0
2011/1/25,15,0,0,0,0
2011/1/26,13,0,0,0,0
2011/1/27,18,0,0,1,1
2011/1/28,16,0,0,1,1
2011/1/29,23,0,0,2,1
2011/1/30,28,0,0,2,1
2011/1/31,23,0,0,1,0
2011/2/1,22,0,0,1,1
2011/2/2,14,0,0,1,1
2011/2/3,12,0,0,0,0
2011/2/4,16,0,0,0,0
2011/2/5,24,0,0,1,1
2011/2/6,17,0,0,1,1
2011/2/7,15,0,0,0,0
2011/2/8,7,0,0,0,0
2011/2/9,9,0,0,0,0
2011/2/10,21,0,0,0,0
2011/2/11,29,0,0,2,1
2011/2/12,21,0,0,2,1
2011/2/13,25,0,0,1,1
2011/2/14,8,0,0,0,0
2011/2/15,13,0,0,0,0
2011/2/16,10,0,0,0,0
2011/2/17,17,0,0,0,0
2011/2/18,22,0,0,1,0
2011/2/19,25,0,0,2,2
2011/2/20,24,0,0,2,1
2011/2/21,26,0,0,0,0
2011/2/22,15,0,0,1,0
2011/2/23,21,0,0,1,0
2011/2/24,23,0,0,1,1
2011/2/25,29,0,0,2,1
2011/2/26,32,0,0,3,2
2011/2/27,33,0,0,2,2
2011/2/28,30,0,0,2,1
2011/3/1,28,0,0,1,1
2011/3/2,21,0,0,0,0
2011/3/3,20,0,0,0,0
2011/3/4,12,0,0,1,1
2011/3/5,27,0,0,2,1
2011/3/6,21,0,0,1,1
2011/3/7,22,0,0,0,0
2011/3/8,21,0,0,0,0
2011/3/9,15,0,0,0,0
2011/3/10,21,0,0,0,0
2011/3/11,17,0,0,0,0
2011/3/12,25,0,0,2,2
2011/3/13,17,0,0,2,1
2011/3/14,27,0,0,1,1
2011/3/15,31,0,0,1,1
2011/3/16,34,0,0,2,2
2011/3/17,34,0,0,2,2
2011/3/18,42,0,0,2,2
2011/3/19,40,0,0,3,3
2011/3/20,41,0,0,5,3
2011/3/21,39,0,0,3,2
2011/3/22,39,0,0,3,3
2011/3/23,37,0,0,5,4
2011/3/24,36,0,0,5,3
2011/3/25,35,0,0,4,5
2011/3/26,40,0,0,5,5
2011/3/27,35,0,0,5,4
2011/3/28,49,0,0,3,2
2011/3/29,37,0,0,3,2
2011/3/30,38,0,0,4,3
2011/3/31,34,0,0,4,4
2011/4/1,48,0,0,4,2
2011/4/2,29,0,0,5,4
2011/4/3,28,0,0,3,3
2011/4/4,23,0,0,2,1
2011/4/5,25,0,0,1,1
2011/4/6,31,0,0,0,0
2011/4/7,28,0,0,0,0
2011/4/8,37,0,0,0,0
2011/4/9,39,0,0,3,2
2011/4/10,29,0,0,2,1
2011/4/11,14,0,0,0,0
2011/4/12,13,0,0,0,0
2011/4/13,10,0,0,0,0
2011/4/14,16,0,0,0,0
2011/4/15,32,0,0,0,0
2011/4/16,25,0,0,2,2
2011/4/17,24,0,0,2,1
2011/4/18,16,0,0,0,0
2011/4/19,16,0,0,0,0
2011/4/20,11,0,0,0,0
2011/4/21,7,0,0,0,0
2011/4/22,25,0,0,1,1
2011/4/23,26,0,0,3,2
2011/4/24,24,0,0,2,1
2011/4/25,19,0,0,1,1
2011/4/26,29,0,0,1,1
2011/4/27,20,0,0,1,1
2011/4/28,23,0,0,1,1
2011/4/29,22,0,0,2,1
2011/4/30,21,0,0,3,3
2011/5/1,19,0,0,1,1
2011/5/2,21,0,0,1,0
2011/5/3,15,0,0,2,1
2011/5/4,18,0,0,1,0
2011/5/5,15,0,0,1,0
2011/5/6,18,0,0,0,0
2011/5/7,14,0,0,1,0
2011/5/8,6,0,0,0,0
2011/5/9,11,0,0,0,0
2011/5/10,7,0,0,0,0
2011/5/11,6,0,0,0,0
2011/5/12,11,0,0,0,0
2011/5/13,5,0,0,0,0
2011/5/14,21,0,0,1,1
2011/5/15,20,0,0,1,0
2011/5/16,17,0,0,0,0
2011/5/17,7,0,0,0,0
2011/5/18,11,0,0,0,0
2011/5/19,10,0,0,0,0
2011/5/20,16,0,0,1,0
2011/5/21,22,0,0,1,1
2011/5/22,21,0,0,1,1
2011/5/23,13,0,0,0,0
2011/5/24,10,0,0,0,0
2011/5/25,14,0,0,0,0
2011/5/26,18,0,0,0,0
2011/5/27,17,0,0,1,1
2011/5/28,31,0,0,2,1
2011/5/29,24,0,0,1,1
2011/5/30,24,0,0,1,0
2011/5/31,25,0,0,1,0
2011/6/1,14,0,0,1,0
2011/6/2,15,0,0,1,0
2011/6/3,13,0,0,1,0
2011/6/4,25,0,0,1,1
2011/6/5,23,0,0,1,0
2011/6/6,7,0,0,0,0
2011/6/7,4,0,0,0,0
2011/6/8,13,0,0,0,0
2011/6/9,14,0,0,0,0
2011/6/10,18,0,0,0,0
2011/6/11,20,0,0,1,1
2011/6/12,11,0,0,1,0
2011/6/13,8,0,0,0,0
2011/6/14,9,0,0,0,0
2011/6/15,11,0,0,0,0
2011/6/16,15,0,0,0,0
2011/6/17,13,0,0,0,0
2011/6/18,20,0,0,1,1
2011/6/19,16,0,0,1,1
2011/6/20,18,0,0,0,0
2011/6/21,11,0,0,0,0
2011/6/22,7,0,0,0,0
2011/6/23,12,0,0,0,0
2011/6/24,20,0,0,1,0
2011/6/25,23,0,0,2,1
2011/6/26,23,0,0,2,1
2011/6/27,18,0,0,1,0
2011/6/28,21,0,0,0,0
2011/6/29,25,0,0,1,0
2011/6/30,24,0,0,1,2
2011/7/1,16,0,0,0,0
2011/7/2,25,0,0,2,1
2011/7/3,17,0,0,1,1
2011/7/4,11,0,0,0,0
2011/7/5,8,0,0,0,0
2011/7/6,11,0,0,0,0
2011/7/7,10,0,0,0,0
2011/7/8,16,0,0,0,0
2011/7/9,19,0,0,1,1
2011/7/10,20,0,0,1,1
2011/7/11,17,0,0,0,0
2011/7/12,10,0,0,0,0
2011/7/13,9,0,0,0,0
2011/7/14,16,0,0,0,0
2011/7/15,19,0,0,0,0
2011/7/16,17,0,0,2,1
2011/7/17,23,0,0,2,1
2011/7/18,19,0,0,1,0
2011/7/19,13,0,0,0,0
2011/7/20,15,0,0,0,0
2011/7/21,14,0,0,0,0
2011/7/22,18,0,0,1,0
2011/7/23,22,0,0,1,1
2011/7/24,23,0,0,1,1
2011/7/25,14,0,0,1,0
2011/7/26,11,0,0,1,0
2011/7/27,14,0,0,1,0
2011/7/28,17,0,0,1,0
2011/7/29,24,0,0,1,1
2011/7/30,23,0,0,2,2
2011/7/31,31,0,0,2,1
2011/8/1,19,0,0,1,0
2011/8/2,10,0,0,0,0
2011/8/3,11,0,0,0,0
2011/8/4,12,0,0,0,0
2011/8/5,15,0,0,0,0
2011/8/6,22,0,0,1,1
2011/8/7,12,0,0,1,0
2011/8/8,15,0,0,0,0
2011/8/9,13,0,0,0,0
2011/8/10,15,0,0,0,0
2011/8/11,11,0,0,0,0
2011/8/12,16,0,0,0,0
2011/8/13,13,0,0,0,0
2011/8/14,0,0,0,0,0
2011/8/15,19,0,0,0,0
2011/8/16,17,0,0,0,0
2011/8/17,5,0,0,0,0
2011/8/18,11,0,0,0,0
2011/8/19,16,0,0,0,0
2011/8/20,16,0,0,1,1
2011/8/21,13,0,0,1,0
2011/8/22,13,0,0,0,0
2011/8/23,13,0,0,0,0
2011/8/24,8,0,0,0,0
2011/8/25,9,0,0,0,0
2011/8/26,22,0,0,0,0
2011/8/27,23,0,0,1,1
2011/8/28,25,0,0,1,1
2011/8/29,24,0,0,0,0
2011/8/30,21,0,0,0,0
2011/8/31,21,0,0,1,1
2011/9/1,14,0,0,1,1
2011/9/2,6,0,0,1,1
2011/9/3,14,0,0,2,1
2011/9/4,11,0,0,1,1
2011/9/5,9,0,0,0,0
2011/9/6,10,0,0,0,0
2011/9/7,6,0,0,0,0
2011/9/8,10,0,0,0,0
2011/9/9,7,0,0,0,0
2011/9/10,15,0,0,1,1
2011/9/11,13,0,0,1,0
2011/9/12,14,0,0,0,0
2011/9/13,16,0,0,0,0
2011/9/14,10,0,0,0,0
2011/9/15,11,0,0,0,0
2011/9/16,14,0,0,0,0
2011/9/17,21,0,0,2,1
2011/9/18,19,0,0,2,2
2011/9/19,18,0,0,1,1
2011/9/20,21,0,0,0,0
2011/9/21,12,0,0,0,0
2011/9/22,24,0,0,0,0
2011/9/23,36,0,0,1,1
2011/9/24,47,0,0,2,2
2011/9/25,26,0,0,2,2
2011/9/26,21,0,0,1,1
2011/9/27,19,0,0,1,1
2011/9/28,24,0,0,1,1
2011/9/29,26,0,0,1,1
2011/9/30,29,0,0,1,1
2011/10/1,26,0,0,2,1
2011/10/2,27,0,0,1,1
2011/10/3,20,0,0,1,0
2011/10/4,14,0,0,0,0
2011/10/5,16,0,0,0,0
2011/10/6,15,0,0,0,0
2011/10/7,15,0,0,0,0
2011/10/8,21,0,0,2,1
2011/10/9,21,0,0,2,1
2011/10/10,17,0,0,1,0
2011/10/11,9,0,0,0,0
2011/10/12,10,0,0,0,0
2011/10/13,14,0,0,0,0
2011/10/14,14,0,0,0,0
2011/10/15,22,0,0,1,1
2011/10/16,24,0,0,1,0
2011/10/17,18,0,0,0,0
2011/10/18,13,0,0,0,0
2011/10/19,7,0,0,0,0
2011/10/20,13,0,0,0,0
2011/10/21,18,0,0,0,0
2011/10/22,17,0,0,1,1
2011/10/23,21,0,0,1,1
2011/10/24,14,0,0,0,0
2011/10/25,17,0,0,0,0
2011/10/26,23,0,0,0,0
2011/10/27,24,0,0,0,0
2011/10/28,25,0,0,1,1
2011/10/29,35,0,0,2,2
2011/10/30,22,0,0,2,1
2011/10/31,27,0,0,1,1
2011/11/1,21,0,0,1,1
2011/11/2,21,0,0,1,0
2011/11/3,22,0,0,2,1
2011/11/4,22,0,0,1,1
2011/11/5,28,0,0,1,0
2011/11/6,10,0,0,1,0
2011/11/7,14,0,0,0,0
2011/11/8,17,0,0,0,0
2011/11/9,11,0,0,0,0
2011/11/10,12,0,0,0,0
2011/11/11,25,0,0,0,0
2011/11/12,27,0,0,1,1
2011/11/13,21,0,0,0,0
2011/11/14,13,0,0,0,0
2011/11/15,11,0,0,0,0
2011/11/16,19,0,0,0,0
2011/11/17,11,0,0,0,0
2011/11/18,11,0,0,0,0
2011/11/19,15,0,0,1,1
2011/11/20,29,0,0,1,0
2011/11/21,18,0,0,0,0
2011/11/22,14,0,0,0,0
2011/11/23,12,0,0,0,0
2011/11/24,21,0,0,0,0
2011/11/25,30,0,0,1,1
2011/11/26,31,0,0,2,1
2011/11/27,32,0,0,1,1
2011/11/28,27,0,0,0,0
2011/11/29,20,0,0,0,0
2011/11/30,20,0,0,1,1
2011/12/1,15,0,0,1,1
2011/12/2,17,0,0,1,1
2011/12/3,32,0,0,2,1
2011/12/4,17,0,0,1,1
2011/12/5,11,0,0,0,0
2011/12/6,12,0,0,0,0
2011/12/7,13,0,0,0,0
2011/12/8,8,0,0,0,0
2011/12/9,14,0,0,0,0
2011/12/10,31,0,0,1,1
2011/12/11,22,0,0,1,1
2011/12/12,19,0,0,0,0
2011/12/13,14,0,0,0,0
2011/12/14,15,0,0,0,0
2011/12/15,17,0,0,0,0
2011/12/16,25,0,0,0,0
2011/12/17,35,0,0,1,1
2011/12/18,30,0,0,1,1
2011/12/19,30,0,0,1,0
2011/12/20,30,0,0,0,0
2011/12/21,28,0,0,0,0
2011/12/22,32,0,0,1,1
2011/12/23,36,0,0,2,1
2011/12/24,30,0,0,2,2
2011/12/25,22,0,0,1,1
2011/12/26,31,0,0,1,0
2011/12/27,30,0,0,1,0
2011/12/28,23,0,0,1,0
2011/12/29,26,0,0,1,0
2011/12/30,15,0,0,1,3
2011/12/31,0,0,1,1,1
2012/1/1,0,0,1,1,1
2012/1/2,0,0,1,0,0
2012/1/3,0,0,1,0,0
2012/1/4,12,0,0,0,0
2012/1/5,9,0,0,0,0
2012/1/6,8,0,0,0,0
2012/1/7,29,0,0,0,0
2012/1/8,23,0,0,0,0
2012/1/9,9,0,0,0,0
2012/1/10,10,0,0,0,0
2012/1/11,10,0,0,0,0
2012/1/12,7,0,0,0,0
2012/1/13,9,0,0,0,0
2012/1/14,24,0,0,0,1
2012/1/15,21,0,0,0,0
2012/1/16,18,0,0,0,0
2012/1/17,18,0,0,0,0
2012/1/18,17,0,0,0,0
2012/1/19,13,0,0,0,0
2012/1/20,18,0,0,0,0
2012/1/21,30,0,0,1,0
2012/1/22,28,0,0,1,0
2012/1/23,18,0,0,0,0
2012/1/24,17,0,0,0,0
2012/1/25,20,0,0,0,0
2012/1/26,16,0,0,0,0
2012/1/27,30,0,0,1,1
2012/1/28,32,0,0,2,1
2012/1/29,26,0,0,2,1
2012/1/30,33,0,0,1,0
2012/1/31,29,0,0,1,1
2012/2/1,27,0,0,1,1
2012/2/2,17,0,0,1,0
2012/2/3,19,0,0,0,0
2012/2/4,33,0,0,2,1
2012/2/5,19,0,0,1,1
2012/2/6,23,0,0,0,0
2012/2/7,18,0,0,0,0
2012/2/8,22,0,0,0,0
2012/2/9,14,0,0,0,0
2012/2/10,25,0,0,0,0
2012/2/11,36,0,0,1,1
2012/2/12,22,0,0,1,0
2012/2/13,23,0,0,0,0
2012/2/14,18,0,0,0,0
2012/2/15,23,0,0,0,0
2012/2/16,22,0,0,0,0
2012/2/17,25,0,0,0,0
2012/2/18,33,0,0,2,1
2012/2/19,31,0,0,1,1
2012/2/20,26,0,0,1,0
2012/2/21,24,0,0,0,0
2012/2/22,32,0,0,0,0
2012/2/23,29,0,0,1,0
2012/2/24,43,0,0,1,1
2012/2/25,49,0,0,3,2
2012/2/26,47,0,0,2,1
2012/2/27,41,0,0,1,1
2012/2/28,40,0,0,1,1
2012/2/29,39,0,0,2,1
2012/3/1,36,0,0,1,1
2012/3/2,45,0,0,1,1
2012/3/3,37,0,0,2,1
2012/3/4,30,0,0,1,1
2012/3/5,29,0,0,0,0
2012/3/6,30,0,0,0,0
2012/3/7,38,0,0,0,0
2012/3/8,32,0,0,0,0
2012/3/9,33,0,0,0,0
2012/3/10,30,0,0,2,1
2012/3/11,28,0,0,1,1
2012/3/12,31,0,0,0,0
2012/3/13,35,0,0,0,0
2012/3/14,30,0,0,1,0
2012/3/15,36,0,0,1,1
2012/3/16,50,0,0,2,2
2012/3/17,58,0,0,3,3
2012/3/18,45,0,0,3,2
2012/3/19,48,0,0,2,2
2012/3/20,51,0,0,3,2
2012/3/21,60,0,0,2,2
2012/3/22,49,0,0,3,2
2012/3/23,47,0,0,4,3
2012/3/24,55,0,0,5,4
2012/3/25,49,0,0,4,5
2012/3/26,69,0,0,3,2
2012/3/27,88,0,0,3,2
2012/3/28,66,0,0,2,2
2012/3/29,63,0,0,4,2
2012/3/30,69,0,0,4,4
2012/3/31,63,0,0,5,5
2012/4/1,36,0,0,5,4
2012/4/2,45,0,0,2,3
2012/4/3,36,0,0,2,1
2012/4/4,32,0,0,1,1
2012/4/5,43,0,0,1,0
2012/4/6,36,0,0,0,0
2012/4/7,39,0,0,4,3
2012/4/8,33,0,0,2,2
2012/4/9,33,0,0,0,0
2012/4/10,32,0,0,0,0
2012/4/11,20,0,0,0,0
2012/4/12,25,0,0,0,0
2012/4/13,34,0,0,0,0
2012/4/14,43,0,0,2,2
2012/4/15,40,0,0,1,2
2012/4/16,27,0,0,0,0
2012/4/17,21,0,0,0,0
2012/4/18,21,0,0,0,0
2012/4/19,21,0,0,0,0
2012/4/20,25,0,0,0,0
2012/4/21,29,0,0,2,2
2012/4/22,28,0,0,1,1
2012/4/23,32,0,0,1,0
2012/4/24,27,0,0,0,0
2012/4/25,35,0,0,0,0
2012/4/26,29,0,0,0,0
2012/4/27,32,0,0,1,1
2012/4/28,43,0,0,2,2
2012/4/29,54,0,0,3,2
2012/4/30,39,0,0,2,1
2012/5/1,31,0,0,0,0
2012/5/2,30,0,0,0,0
2012/5/3,27,0,0,1,1
2012/5/4,27,0,0,2,2
2012/5/5,16,0,0,1,0
2012/5/6,12,0,0,0,0
2012/5/7,21,0,0,0,0
2012/5/8,22,0,0,0,0
2012/5/9,19,0,0,0,0
2012/5/10,16,0,0,0,0
2012/5/11,19,0,0,0,0
2012/5/12,32,0,0,1,1
2012/5/13,26,0,0,1,0
2012/5/14,22,0,0,0,0
2012/5/15,21,0,0,0,0
2012/5/16,11,0,0,0,0
2012/5/17,14,0,0,0,0
2012/5/18,19,0,0,0,0
2012/5/19,33,0,0,1,1
2012/5/20,25,0,0,1,0
2012/5/21,15,0,0,0,0
2012/5/22,21,0,0,0,0
2012/5/23,19,0,0,0,0
2012/5/24,23,0,0,0,0
2012/5/25,32,0,0,1,0
2012/5/26,39,0,0,2,1
2012/5/27,32,0,0,1,1
2012/5/28,30,0,0,1,0
2012/5/29,33,0,0,0,0
2012/5/30,27,0,0,1,0
2012/5/31,35,0,0,1,1
2012/6/1,30,0,0,0,0
2012/6/2,36,0,0,1,1
2012/6/3,28,0,0,1,1
2012/6/4,22,0,0,0,0
2012/6/5,23,0,0,0,0
2012/6/6,13,0,0,0,0
2012/6/7,13,0,0,0,0
2012/6/8,12,0,0,0,0
2012/6/9,38,0,0,1,1
2012/6/10,17,0,0,1,0
2012/6/11,22,0,0,0,0
2012/6/12,12,0,0,0,0
2012/6/13,22,0,0,0,0
2012/6/14,20,0,0,0,0
2012/6/15,20,0,0,0,0
2012/6/16,42,0,0,1,1
2012/6/17,22,0,0,1,0
2012/6/18,23,0,0,0,0
2012/6/19,19,0,0,0,0
2012/6/20,21,0,0,0,0
2012/6/21,20,0,0,0,0
2012/6/22,32,0,0,0,0
2012/6/23,38,0,0,2,1
2012/6/24,34,0,0,1,1
2012/6/25,31,0,0,0,0
2012/6/26,33,0,0,1,0
2012/6/27,31,0,0,0,0
2012/6/28,42,0,0,1,0
2012/6/29,52,0,0,1,1
2012/6/30,55,0,0,2,2
2012/7/1,45,0,0,2,1
2012/7/2,31,0,0,1,1
2012/7/3,12,0,0,1,0
2012/7/4,19,0,0,0,0
2012/7/5,16,0,0,0,0
2012/7/6,23,0,0,0,0
2012/7/7,34,0,0,1,1
2012/7/8,20,0,0,1,1
2012/7/9,17,0,0,0,0
2012/7/10,9,0,0,0,0
2012/7/11,21,0,0,0,0
2012/7/12,21,0,0,0,0
2012/7/13,23,0,0,0,0
2012/7/14,38,0,0,2,1
2012/7/15,38,0,0,2,1
2012/7/16,25,0,0,1,0
2012/7/17,24,0,0,0,0
2012/7/18,11,0,0,0,0
2012/7/19,19,0,0,0,0
2012/7/20,24,0,0,0,0
2012/7/21,37,0,0,1,1
2012/7/22,23,0,0,1,1
2012/7/23,27,0,0,0,0
2012/7/24,31,0,0,1,0
2012/7/25,17,0,0,0,0
2012/7/26,22,0,0,0,0
2012/7/27,25,0,0,1,1
2012/7/28,48,0,0,3,2
2012/7/29,43,0,0,2,1
2012/7/30,31,0,0,1,1
2012/7/31,42,0,0,1,1
2012/8/1,41,0,0,0,0
2012/8/2,30,0,0,0,0
2012/8/3,29,0,0,0,0
2012/8/4,31,0,0,1,1
2012/8/5,34,0,0,1,1
2012/8/6,21,0,0,0,0
2012/8/7,21,0,0,0,0
2012/8/8,22,0,0,0,0
2012/8/9,12,0,0,0,0
2012/8/10,25,0,0,0,0
2012/8/11,29,0,0,1,1
2012/8/12,14,0,0,0,0
2012/8/13,29,0,0,0,0
2012/8/14,23,0,0,0,0
2012/8/15,19,0,0,0,0
2012/8/16,16,0,0,0,0
2012/8/17,29,0,0,0,0
2012/8/18,22,0,0,1,1
2012/8/19,23,0,0,1,0
2012/8/20,25,0,0,0,0
2012/8/21,19,0,0,0,0
2012/8/22,21,0,0,0,0
2012/8/23,26,0,0,0,0
2012/8/24,23,0,0,1,0
2012/8/25,31,0,0,2,1
2012/8/26,37,0,0,1,1
2012/8/27,36,0,0,0,0
2012/8/28,27,0,0,1,1
2012/8/29,30,0,0,0,0
2012/8/30,38,0,0,1,0
2012/8/31,28,0,0,1,1
2012/9/1,44,0,0,2,1
2012/9/2,40,0,0,1,1
2012/9/3,35,0,0,1,0
2012/9/4,13,0,0,0,0
2012/9/5,15,0,0,0,0
2012/9/6,19,0,0,0,0
2012/9/7,23,0,0,0,0
2012/9/8,18,0,0,1,1
2012/9/9,33,0,0,1,1
2012/9/10,28,0,0,0,0
2012/9/11,22,0,0,0,0
2012/9/12,26,0,0,0,0
2012/9/13,26,0,0,0,0
2012/9/14,25,0,0,0,0
2012/9/15,36,0,0,2,1
2012/9/16,45,0,0,2,2
2012/9/17,26,0,0,1,0
2012/9/18,34,0,0,1,0
2012/9/19,24,0,0,1,0
2012/9/20,28,0,0,1,0
2012/9/21,36,0,0,1,0
2012/9/22,49,0,0,2,1
2012/9/23,51,0,0,1,1
2012/9/24,69,0,0,1,0
2012/9/25,32,0,0,1,1
2012/9/26,45,0,0,0,0
2012/9/27,40,0,0,1,0
2012/9/28,49,0,0,1,1
2012/9/29,53,0,0,3,2
2012/9/30,52,0,0,2,2
2012/10/1,56,0,0,1,1
2012/10/2,33,0,0,1,0
2012/10/3,22,0,0,0,0
2012/10/4,26,0,0,0,0
2012/10/5,37,0,0,0,0
2012/10/6,35,0,0,2,1
2012/10/7,39,0,0,2,2
2012/10/8,29,0,0,1,0
2012/10/9,25,0,0,0,0
2012/10/10,19,0,0,0,0
2012/10/11,16,0,0,0,0
2012/10/12,28,0,0,0,0
2012/10/13,40,0,0,1,1
2012/10/14,35,0,0,1,0
2012/10/15,22,0,0,0,0
2012/10/16,14,0,0,0,0
2012/10/17,21,0,0,0,0
2012/10/18,16,0,0,0,0
2012/10/19,35,0,0,0,0
2012/10/20,46,0,0,1,1
2012/10/21,29,0,0,1,0
2012/10/22,27,0,0,0,0
2012/10/23,20,0,0,0,0
2012/10/24,33,0,0,0,0
2012/10/25,31,0,0,0,0
2012/10/26,38,0,0,1,0
2012/10/27,58,0,0,2,1
2012/10/28,50,0,0,1,1
2012/10/29,50,0,0,1,1
2012/10/30,51,0,0,0,0
2012/10/31,49,0,0,1,1
2012/11/1,34,0,0,0,0
2012/11/2,27,0,0,0,0
2012/11/3,43,0,0,2,1
2012/11/4,35,0,0,1,1
2012/11/5,25,0,0,0,0
2012/11/6,26,0,0,0,0
2012/11/7,21,0,0,0,0
2012/11/8,14,0,0,0,0
2012/11/9,27,0,0,0,0
2012/11/10,37,0,0,1,1
2012/11/11,26,0,0,0,0
2012/11/12,21,0,0,0,0
2012/11/13,22,0,0,0,0
2012/11/14,12,0,0,0,0
2012/11/15,33,0,0,0,0
2012/11/16,26,0,0,0,0
2012/11/17,38,0,0,1,1
2012/11/18,39,0,0,1,0
2012/11/19,25,0,0,0,0
2012/11/20,28,0,0,0,0
2012/11/21,38,0,0,0,0
2012/11/22,45,0,0,0,0
2012/11/23,49,0,0,2,1
2012/11/24,42,0,0,2,1
2012/11/25,46,0,0,1,1
2012/11/26,40,0,0,0,0
2012/11/27,32,0,0,1,0
2012/11/28,43,0,0,0,0
2012/11/29,44,0,0,0,0
2012/11/30,49,0,0,1,1
2012/12/1,45,0,0,2,1
2012/12/2,37,0,0,1,1
2012/12/3,40,0,0,0,0
2012/12/4,17,0,0,0,0
2012/12/5,26,0,0,0,0
2012/12/6,16,0,0,0,0
2012/12/7,19,0,0,0,0
2012/12/8,44,0,0,1,1
2012/12/9,35,0,0,1,0
2012/12/10,39,0,0,0,0
2012/12/11,22,0,0,0,0
2012/12/12,27,0,0,0,0
2012/12/13,34,0,0,0,0
2012/12/14,37,0,0,0,0
2012/12/15,50,0,0,1,1
2012/12/16,49,0,0,1,0
2012/12/17,43,0,0,0,0
2012/12/18,41,0,0,0,0
2012/12/19,39,0,0,0,0
2012/12/20,50,0,0,0,0
2012/12/21,45,0,0,0,0
2012/12/22,49,0,0,2,1
2012/12/23,46,0,0,2,3
2012/12/24,44,0,0,1,0
2012/12/25,43,0,0,1,1
2012/12/26,55,0,0,0,0
2012/12/27,48,0,0,1,0
2012/12/28,41,0,0,1,1
2012/12/29,33,0,0,2,2
2012/12/30,23,0,0,1,2
2012/12/31,0,0,1,0,0
2013/1/1,0,0,1,0,0
2013/1/2,0,0,1,0,0
2013/1/3,0,0,1,0,0
2013/1/4,38,0,0,0,0
2013/1/5,26,0,0,0,0
2013/1/6,24,0,0,0,0
2013/1/7,22,0,0,0,0
2013/1/8,12,0,0,0,0
2013/1/9,18,0,0,0,0
2013/1/10,19,0,0,0,0
2013/1/11,27,0,0,0,0
2013/1/12,39,0,0,1,0
2013/1/13,50,0,0,0,0
2013/1/14,16,0,0,0,0
2013/1/15,31,0,0,0,0
2013/1/16,33,0,0,0,0
2013/1/17,27,0,0,0,0
2013/1/18,26,0,0,0,0
2013/1/19,56,0,0,1,1
2013/1/20,43,0,0,1,0
2013/1/21,38,0,0,0,0
2013/1/22,21,0,0,0,0
2013/1/23,37,0,0,0,0
2013/1/24,29,0,0,0,0
2013/1/25,43,0,0,1,0
2013/1/26,56,0,0,2,1
2013/1/27,50,0,0,1,1
2013/1/28,42,0,0,1,0
2013/1/29,42,0,0,1,0
2013/1/30,45,0,0,1,0
2013/1/31,39,0,0,2,1
2013/2/1,48,0,0,1,1
2013/2/2,48,0,0,2,1
2013/2/3,41,0,0,1,1
2013/2/4,30,0,0,1,0
2013/2/5,29,0,0,1,0
2013/2/6,21,0,0,0,0
2013/2/7,25,0,0,0,0
2013/2/8,40,0,0,1,0
2013/2/9,36,0,0,2,1
2013/2/10,44,0,0,2,2
2013/2/11,38,0,0,0,0
2013/2/12,43,0,0,0,0
2013/2/13,39,0,0,0,0
2013/2/14,43,0,0,0,0
2013/2/15,46,0,0,0,0
2013/2/16,52,0,0,1,1
2013/2/17,47,0,0,1,0
2013/2/18,41,0,0,0,0
2013/2/19,36,0,0,0,0
2013/2/20,43,0,0,0,0
2013/2/21,37,0,0,0,0
2013/2/22,52,0,0,1,1
2013/2/23,56,0,0,3,2
2013/2/24,58,0,0,2,1
2013/2/25,66,0,0,1,1
2013/2/26,61,0,0,1,1
2013/2/27,60,0,0,1,1
2013/2/28,66,0,0,2,1
2013/3/1,55,0,0,1,1
2013/3/2,58,0,0,2,1
2013/3/3,46,0,0,1,1
2013/3/4,50,0,0,0,0
2013/3/5,43,0,0,0,0
2013/3/6,34,0,0,0,0
2013/3/7,40,0,0,0,0
2013/3/8,46,0,0,0,0
2013/3/9,45,0,0,1,1
2013/3/10,50,0,0,1,1
2013/3/11,50,0,0,0,0
2013/3/12,53,0,0,0,0
2013/3/13,49,0,0,0,0
2013/3/14,43,0,0,0,0
2013/3/15,73,0,0,2,1
2013/3/16,66,0,0,3,2
2013/3/17,59,0,0,2,2
2013/3/18,73,0,0,2,2
2013/3/19,68,0,0,2,2
2013/3/20,74,0,0,5,4
2013/3/21,71,0,0,5,4
2013/3/22,65,0,0,4,3
2013/3/23,60,0,0,5,4
2013/3/24,66,0,0,4,3
2013/3/25,76,0,0,3,3
2013/3/26,81,0,0,3,3
2013/3/27,74,0,0,4,3
2013/3/28,83,0,0,4,4
2013/3/29,71,0,0,4,4
2013/3/30,84,0,0,5,5
2013/3/31,69,0,0,5,4
2013/4/1,67,0,0,4,2
2013/4/2,55,0,0,2,1
2013/4/3,59,0,0,2,0
2013/4/4,42,0,0,1,0
2013/4/5,43,0,0,0,0
2013/4/6,60,0,0,3,2
2013/4/7,55,0,0,2,1
2013/4/8,41,0,0,0,0
2013/4/9,36,0,0,0,0
2013/4/10,41,0,0,0,0
2013/4/11,27,0,0,0,0
2013/4/12,43,0,0,0,0
2013/4/13,43,0,0,2,2
2013/4/14,49,0,0,2,1
2013/4/15,44,0,0,0,0
2013/4/16,29,0,0,0,0
2013/4/17,7,0,0,0,0
2013/4/18,29,0,0,0,0
2013/4/19,36,0,0,0,0
2013/4/20,46,0,0,2,1
2013/4/21,44,0,0,1,0
2013/4/22,33,0,0,0,0
2013/4/23,36,0,0,0,0
2013/4/24,37,0,0,0,0
2013/4/25,47,0,0,0,0
2013/4/26,42,0,0,1,1
2013/4/27,52,0,0,2,2
2013/4/28,66,0,0,2,1
2013/4/29,59,0,0,1,0
2013/4/30,56,0,0,2,1
2013/5/1,47,0,0,0,0
2013/5/2,27,0,0,0,0
2013/5/3,46,0,0,1,1
2013/5/4,27,0,0,2,1
2013/5/5,17,0,0,1,0
2013/5/6,24,0,0,0,0
2013/5/7,30,0,0,0,0
2013/5/8,24,0,0,0,0
2013/5/9,17,0,0,0,0
2013/5/10,26,0,0,0,0
2013/5/11,44,0,0,1,1
2013/5/12,38,0,0,0,0
2013/5/13,32,0,0,0,0
2013/5/14,22,0,0,0,0
2013/5/15,24,0,0,0,0
2013/5/16,29,0,0,0,0
2013/5/17,38,0,0,1,0
2013/5/18,47,0,0,1,1
2013/5/19,52,0,0,1,0
2013/5/20,37,0,0,0,0
2013/5/21,23,0,0,0,0
2013/5/22,22,0,0,0,0
2013/5/23,26,0,0,0,0
2013/5/24,30,0,0,1,1
2013/5/25,52,0,0,2,1
2013/5/26,42,0,0,1,1
2013/5/27,47,0,0,0,0
2013/5/28,32,0,0,0,0
2013/5/29,40,0,0,1,1
2013/5/30,42,0,0,1,0
2013/5/31,54,0,0,1,1
2013/6/1,57,0,0,2,1
2013/6/2,42,0,0,1,1
2013/6/3,31,0,0,0,0
2013/6/4,18,0,0,0,0
2013/6/5,18,0,0,0,0
2013/6/6,29,0,0,0,0
2013/6/7,21,0,0,0,0
2013/6/8,40,0,0,1,0
2013/6/9,32,0,0,0,0
2013/6/10,28,0,0,0,0
2013/6/11,16,0,0,0,0
2013/6/12,20,0,0,0,0
2013/6/13,29,0,0,0,0
2013/6/14,28,0,0,0,0
2013/6/15,53,0,0,1,1
2013/6/16,43,0,0,0,0
2013/6/17,36,0,0,0,0
2013/6/18,24,0,0,0,0
2013/6/19,20,0,0,0,0
2013/6/20,29,0,0,0,0
2013/6/21,35,0,0,1,1
2013/6/22,55,0,0,1,1
2013/6/23,56,0,0,1,1
2013/6/24,44,0,0,0,0
2013/6/25,48,0,0,0,0
2013/6/26,40,0,0,0,0
2013/6/27,53,0,0,1,1
2013/6/28,61,0,0,1,1
2013/6/29,84,0,0,2,2
2013/6/30,77,0,0,1,1
2013/7/1,37,0,0,1,1
2013/7/2,27,0,0,0,0
2013/7/3,38,0,0,0,0
2013/7/4,22,0,0,0,0
2013/7/5,27,0,0,0,0
2013/7/6,51,0,0,2,1
2013/7/7,41,0,0,1,1
2013/7/8,37,0,0,0,0
2013/7/9,20,0,0,0,0
2013/7/10,28,0,0,0,0
2013/7/11,19,0,0,0,0
2013/7/12,29,0,0,0,0
2013/7/13,50,0,0,2,1
2013/7/14,45,0,0,2,2
2013/7/15,45,0,0,1,0
2013/7/16,47,0,0,0,0
2013/7/17,24,0,0,0,0
2013/7/18,31,0,0,0,0
2013/7/19,42,0,0,1,0
2013/7/20,47,0,0,1,1
2013/7/21,40,0,0,1,0
2013/7/22,31,0,0,0,0
2013/7/23,32,0,0,0,0
2013/7/24,28,0,0,0,0
2013/7/25,48,0,0,1,0
2013/7/26,51,0,0,1,1
2013/7/27,53,0,0,2,2
2013/7/28,57,0,0,2,1
2013/7/29,53,0,0,0,0
2013/7/30,57,0,0,1,1
2013/7/31,52,0,0,2,1
2013/8/1,48,0,0,1,0
2013/8/2,45,0,0,0,0
2013/8/3,43,0,0,2,1
2013/8/4,39,0,0,1,0
2013/8/5,39,0,0,0,0
2013/8/6,30,0,0,0,0
2013/8/7,30,0,0,0,0
2013/8/8,27,0,0,0,0
2013/8/9,30,0,0,0,0
2013/8/10,43,0,0,1,1
2013/8/11,49,0,0,1,0
2013/8/12,0,0,1,0,0
2013/8/13,39,0,0,0,0
2013/8/14,30,0,0,0,0
2013/8/15,40,0,0,0,0
2013/8/16,39,0,0,0,0
2013/8/17,37,0,0,1,0
2013/8/18,32,0,0,0,0
2013/8/19,30,0,0,0,0
2013/8/20,32,0,0,0,0
2013/8/21,30,0,0,0,0
2013/8/22,37,0,0,0,0
2013/8/23,39,0,0,0,0
2013/8/24,61,0,0,1,1
2013/8/25,52,0,0,1,1
2013/8/26,44,0,0,0,0
2013/8/27,46,0,0,0,0
2013/8/28,49,0,0,0,0
2013/8/29,50,0,0,1,0
2013/8/30,57,0,0,1,0
2013/8/31,66,0,0,2,2
2013/9/1,54,0,0,2,0
2013/9/2,42,0,0,1,0
2013/9/3,36,0,0,0,0
2013/9/4,24,0,0,0,0
2013/9/5,25,0,0,0,0
2013/9/6,23,0,0,0,0
2013/9/7,38,0,0,1,1
2013/9/8,34,0,0,1,1
2013/9/9,38,0,0,0,0
2013/9/10,33,0,0,0,0
2013/9/11,21,0,0,0,0
2013/9/12,29,0,0,0,0
2013/9/13,31,0,0,0,0
2013/9/14,45,0,0,2,1
2013/9/15,47,0,0,2,1
2013/9/16,31,0,0,0,0
2013/9/17,34,0,0,0,0
2013/9/18,27,0,0,0,0
2013/9/19,33,0,0,0,0
2013/9/20,50,0,0,0,0
2013/9/21,60,0,0,2,1
2013/9/22,60,0,0,2,2
2013/9/23,46,0,0,1,1
2013/9/24,63,0,0,0,0
2013/9/25,53,0,0,0,0
2013/9/26,63,0,0,1,0
2013/9/27,61,0,0,1,0
2013/9/28,58,0,0,2,1
2013/9/29,65,0,0,1,1
2013/9/30,62,0,0,1,0
2013/10/1,50,0,0,1,0
2013/10/2,52,0,0,1,0
2013/10/3,36,0,0,0,0
2013/10/4,40,0,0,0,0
2013/10/5,45,0,0,1,1
2013/10/6,39,0,0,1,0
2013/10/7,35,0,0,0,0
2013/10/8,22,0,0,0,0
2013/10/9,28,0,0,0,0
2013/10/10,43,0,0,0,0
2013/10/11,38,0,0,0,0
2013/10/12,46,0,0,1,1
2013/10/13,52,0,0,2,2
2013/10/14,8,0,0,1,0
2013/10/15,32,0,0,0,0
2013/10/16,29,0,0,0,0
2013/10/17,31,0,0,0,0
2013/10/18,32,0,0,0,0
2013/10/19,43,0,0,2,1
2013/10/20,48,0,0,1,1
2013/10/21,28,0,0,0,0
2013/10/22,35,0,0,0,0
2013/10/23,36,0,0,0,0
2013/10/24,39,0,0,0,0
2013/10/25,49,0,0,1,0
2013/10/26,52,0,0,2,1
2013/10/27,51,0,0,1,1
2013/10/28,46,0,0,1,0
2013/10/29,42,0,0,1,0
2013/10/30,41,0,0,1,0
2013/10/31,44,0,0,1,1
2013/11/1,48,0,0,1,0
2013/11/2,44,0,0,2,1
2013/11/3,37,0,0,1,2
2013/11/4,33,0,0,0,0
2013/11/5,36,0,0,0,0
2013/11/6,26,0,0,0,0
2013/11/7,22,0,0,0,0
2013/11/8,29,0,0,0,0
2013/11/9,38,0,0,1,0
2013/11/10,34,0,0,0,0
2013/11/11,20,0,0,0,0
2013/11/12,20,0,0,0,0
2013/11/13,18,0,0,0,0
2013/11/14,30,0,0,0,0
2013/11/15,25,0,0,0,0
2013/11/16,52,0,0,1,1
2013/11/17,35,0,0,0,0
2013/11/18,26,0,0,0,0
2013/11/19,21,0,0,0,0
2013/11/20,33,0,0,0,0
2013/11/21,29,0,0,0,0
2013/11/22,41,0,0,0,0
2013/11/23,44,0,0,1,1
2013/11/24,39,0,0,1,1
2013/11/25,41,0,0,0,0
2013/11/26,40,0,0,0,0
2013/11/27,39,0,0,0,0
2013/11/28,39,0,0,1,1
2013/11/29,48,0,0,1,1
2013/11/30,47,0,0,2,2
2013/12/1,39,0,0,2,1
2013/12/2,38,0,0,1,0
2013/12/3,37,0,0,1,0
2013/12/4,23,0,0,0,0
2013/12/5,27,0,0,0,0
2013/12/6,31,0,0,0,0
2013/12/7,44,0,0,1,1
2013/12/8,45,0,0,1,0
2013/12/9,32,0,0,0,0
2013/12/10,26,0,0,0,0
2013/12/11,16,0,0,0,0
2013/12/12,21,0,0,0,0
2013/12/13,41,0,0,0,0
2013/12/14,46,0,0,1,1
2013/12/15,44,0,0,1,0
2013/12/16,48,0,0,0,0
2013/12/17,31,0,0,0,0
2013/12/18,39,0,0,0,0
2013/12/19,42,0,0,0,0
2013/12/20,55,0,0,1,0
2013/12/21,45,0,0,2,1
2013/12/22,50,0,0,1,1
2013/12/23,47,0,0,1,1
2013/12/24,42,0,0,0,0
2013/12/25,35,0,0,0,0
2013/12/26,43,0,0,1,0
2013/12/27,29,0,0,1,1
2013/12/28,37,0,0,2,2
2013/12/29,46,0,0,2,2
2013/12/30,25,0,0,1,2
2013/12/31,0,0,1,0,0
2014/1/1,0,0,1,0,0
2014/1/2,0,0,1,0,0
2014/1/3,0,0,1,0,0
2014/1/4,34,0,0,0,0
2014/1/5,27,0,0,0,0
2014/1/6,31,0,0,0,0
2014/1/7,16,0,0,0,0
2014/1/8,20,0,0,0,0
2014/1/9,15,0,0,0,0
2014/1/10,35,0,0,0,0
2014/1/11,42,0,0,0,0
2014/1/12,44,0,0,0,0
2014/1/13,17,0,0,0,0
2014/1/14,25,0,0,0,0
2014/1/15,30,0,0,0,0
2014/1/16,36,0,0,0,0
2014/1/17,32,0,0,0,0
2014/1/18,50,0,0,1,1
2014/1/19,40,0,0,0,0
2014/1/20,33,0,0,0,0
2014/1/21,28,0,0,0,0
2014/1/22,33,0,0,0,0
2014/1/23,24,0,0,0,0
2014/1/24,46,0,0,1,0
2014/1/25,48,0,0,2,1
2014/1/26,40,0,0,1,1
2014/1/27,37,0,0,0,0
2014/1/28,34,0,0,0,0
2014/1/29,34,0,0,0,0
2014/1/30,45,0,0,1,1
2014/1/31,48,0,0,1,1
2014/2/1,50,0,0,2,1
2014/2/2,44,0,0,1,0
2014/2/3,31,0,0,1,1
2014/2/4,38,0,0,0,0
2014/2/5,24,0,0,0,0
2014/2/6,33,0,0,0,0
2014/2/7,32,0,0,1,1
2014/2/8,32,0,0,1,1
2014/2/9,43,0,0,1,0
2014/2/10,52,0,0,0,0
2014/2/11,44,0,0,0,0
2014/2/12,40,0,0,0,0
2014/2/13,40,0,0,0,0
2014/2/14,31,0,0,1,0
2014/2/15,44,0,0,2,2
2014/2/16,49,0,0,2,1
2014/2/17,42,0,0,0,0
2014/2/18,40,0,0,0,0
2014/2/19,38,0,0,0,0
2014/2/20,37,0,0,0,0
2014/2/21,44,0,0,1,1
2014/2/22,50,0,0,3,2
2014/2/23,55,0,0,2,2
2014/2/24,53,0,0,1,1
2014/2/25,53,0,0,1,0
2014/2/26,51,0,0,1,0
2014/2/27,51,0,0,1,1
2014/2/28,56,0,0,2,2
2014/3/1,55,0,0,2,2
2014/3/2,48,0,0,1,1
2014/3/3,45,0,0,1,0
2014/3/4,43,0,0,1,1
2014/3/5,45,0,0,0,0
2014/3/6,46,0,0,0,0
2014/3/7,57,0,0,0,0
2014/3/8,42,0,0,2,1
2014/3/9,53,0,0,1,0
2014/3/10,42,0,0,0,0
2014/3/11,42,0,0,0,0
2014/3/12,53,0,0,0,0
2014/3/13,56,0,0,1,0
2014/3/14,43,0,0,1,1
2014/3/15,70,0,0,3,2
2014/3/16,84,0,0,3,2
2014/3/17,77,0,0,2,1
2014/3/18,75,0,0,2,1
2014/3/19,63,0,0,2,2
2014/3/20,81,0,0,2,2
2014/3/21,78,0,0,3,3
2014/3/22,69,0,0,5,4
2014/3/23,77,0,0,4,3
2014/3/24,81,0,0,3,3
2014/3/25,72,0,0,5,5
2014/3/26,88,0,0,5,5
2014/3/27,69,0,0,5,4
2014/3/28,62,0,0,4,4
2014/3/29,58,0,0,5,5
2014/3/30,46,0,0,5,5
2014/3/31,53,0,0,4,5
2014/4/1,44,0,0,4,4
2014/4/2,41,0,0,3,2
2014/4/3,57,0,0,1,1
2014/4/4,48,0,0,1,1
2014/4/5,56,0,0,5,4
2014/4/6,45,0,0,4,3
2014/4/7,48,0,0,1,1
2014/4/8,45,0,0,1,0
2014/4/9,41,0,0,0,0
2014/4/10,45,0,0,0,0
2014/4/11,45,0,0,1,1
2014/4/12,60,0,0,3,2
2014/4/13,56,0,0,2,1
2014/4/14,38,0,0,0,0
2014/4/15,32,0,0,0,0
2014/4/16,44,0,0,0,0
2014/4/17,23,0,0,0,0
2014/4/18,38,0,0,1,0
2014/4/19,52,0,0,2,2
2014/4/20,48,0,0,2,1
2014/4/21,45,0,0,0,0
2014/4/22,39,0,0,0,0
2014/4/23,32,0,0,0,0
2014/4/24,47,0,0,0,0
2014/4/25,47,0,0,1,1
2014/4/26,51,0,0,4,3
2014/4/27,58,0,0,2,2
2014/4/28,54,0,0,1,1
2014/4/29,56,0,0,2,1
2014/4/30,47,0,0,2,1
2014/5/1,47,0,0,1,0
2014/5/2,33,0,0,0,0
2014/5/3,34,0,0,2,1
2014/5/4,37,0,0,2,0
2014/5/5,39,0,0,1,0
2014/5/6,30,0,0,0,0
2014/5/7,28,0,0,0,0
2014/5/8,24,0,0,0,0
2014/5/9,27,0,0,0,0
2014/5/10,41,0,0,1,0
2014/5/11,28,0,0,0,0
2014/5/12,21,0,0,0,0
2014/5/13,18,0,0,0,0
2014/5/14,24,0,0,0,0
2014/5/15,28,0,0,0,0
2014/5/16,19,0,0,0,0
2014/5/17,43,0,0,1,1
2014/5/18,42,0,0,1,0
2014/5/19,27,0,0,0,0
2014/5/20,19,1,0,0,0
2014/5/21,32,0,0,0,0
2014/5/22,29,0,0,0,0
2014/5/23,30,0,0,1,0
2014/5/24,45,0,0,2,1
2014/5/25,35,0,0,1,1
2014/5/26,34,0,0,1,0
2014/5/27,36,0,0,1,0
2014/5/28,37,0,0,1,0
2014/5/29,45,0,0,1,1
2014/5/30,36,0,0,1,1
2014/5/31,49,0,0,2,2
2014/6/1,45,0,0,1,1
2014/6/2,35,0,0,0,0
2014/6/3,24,0,0,0,0
2014/6/4,24,0,0,0,0
2014/6/5,26,0,0,0,0
2014/6/6,34,0,0,0,0
2014/6/7,36,0,0,2,1
2014/6/8,32,0,0,1,0
2014/6/9,27,0,0,0,0
2014/6/10,26,0,0,0,0
2014/6/11,16,0,0,0,0
2014/6/12,16,0,0,0,0
2014/6/13,30,0,0,0,0
2014/6/14,45,1,0,1,1
2014/6/15,40,0,0,1,0
2014/6/16,35,0,0,0,0
2014/6/17,26,0,0,0,0
2014/6/18,22,0,0,0,0
2014/6/19,26,0,0,0,0
2014/6/20,35,0,0,0,0
2014/6/21,48,0,0,1,1
2014/6/22,46,0,0,2,1
2014/6/23,42,0,0,0,0
2014/6/24,34,0,0,0,0
2014/6/25,35,0,0,0,0
2014/6/26,33,0,0,0,0
2014/6/27,48,0,0,1,1
2014/6/28,56,0,0,2,2
2014/6/29,58,0,0,2,0
2014/6/30,52,0,0,1,1
2014/7/1,48,0,0,1,1
2014/7/2,39,0,0,1,0
2014/7/3,26,0,0,0,0
2014/7/4,38,0,0,0,0
2014/7/5,38,0,0,2,1
2014/7/6,46,0,0,1,1
2014/7/7,34,0,0,0,0
2014/7/8,34,0,0,0,0
2014/7/9,27,0,0,0,0
2014/7/10,30,1,0,0,0
2014/7/11,31,0,0,0,0
2014/7/12,46,0,0,2,0
2014/7/13,47,0,0,1,1
2014/7/14,34,0,0,0,0
2014/7/15,33,0,0,0,0
2014/7/16,34,0,0,0,0
2014/7/17,32,0,0,0,0
2014/7/18,31,0,0,1,0
2014/7/19,41,1,0,2,1
2014/7/20,46,0,0,2,1
2014/7/21,49,0,0,0,0
2014/7/22,39,0,0,0,0
2014/7/23,40,1,0,0,0
2014/7/24,44,0,0,0,0
2014/7/25,34,0,0,1,1
2014/7/26,44,0,0,3,2
2014/7/27,45,0,0,2,2
2014/7/28,45,0,0,1,1
2014/7/29,48,0,0,1,1
2014/7/30,43,0,0,1,1
2014/7/31,42,0,0,2,1
2014/8/1,42,0,0,1,1
2014/8/2,39,0,0,2,1
2014/8/3,43,0,0,1,1
2014/8/4,37,0,0,0,0
2014/8/5,35,0,0,0,0
2014/8/6,26,0,0,0,0
2014/8/7,31,0,0,0,0
2014/8/8,29,0,0,0,0
2014/8/9,44,0,0,1,1
2014/8/10,40,0,0,1,0
2014/8/11,37,0,0,0,0
2014/8/12,0,0,1,0,0
2014/8/13,42,0,0,0,0
2014/8/14,36,0,0,0,0
2014/8/15,33,0,0,0,0
2014/8/16,37,0,0,0,0
2014/8/17,36,0,0,0,0
2014/8/18,31,0,0,0,0
2014/8/19,33,0,0,0,0
2014/8/20,29,0,0,0,0
2014/8/21,27,0,0,0,0
2014/8/22,28,0,0,0,0
2014/8/23,43,0,0,1,1
2014/8/24,48,0,0,1,1
2014/8/25,38,0,0,0,0
2014/8/26,48,0,0,0,0
2014/8/27,41,0,0,0,0
2014/8/28,47,0,0,1,1
2014/8/29,53,0,0,1,1
2014/8/30,49,0,0,2,1
2014/8/31,57,0,0,1,1
2014/9/1,45,0,0,1,1
2014/9/2,24,0,0,0,0
2014/9/3,29,0,0,0,0
2014/9/4,27,0,0,0,0
2014/9/5,30,0,0,1,0
2014/9/6,37,0,0,1,1
2014/9/7,36,0,0,1,1
2014/9/8,24,0,0,0,0
2014/9/9,26,0,0,0,0
2014/9/10,36,0,0,0,0
2014/9/11,38,0,0,0,0
2014/9/12,34,0,0,0,0
2014/9/13,39,0,0,2,1
2014/9/14,42,0,0,2,2
2014/9/15,35,0,0,1,0
2014/9/16,38,0,0,0,0
2014/9/17,29,0,0,0,0
2014/9/18,34,0,0,0,0
2014/9/19,33,1,0,0,0
2014/9/20,50,0,0,2,1
2014/9/21,51,0,0,2,2
2014/9/22,47,0,0,1,1
2014/9/23,49,0,0,1,0
2014/9/24,51,0,0,0,0
2014/9/25,48,0,0,0,0
2014/9/26,44,0,0,1,1
2014/9/27,54,0,0,3,2
2014/9/28,57,0,0,2,2
2014/9/29,48,0,0,1,1
2014/9/30,56,1,0,1,1
2014/10/1,41,0,0,1,0
2014/10/2,36,0,0,1,0
2014/10/3,40,0,0,0,0
2014/10/4,57,0,0,2,1
2014/10/5,43,0,0,1,0
2014/10/6,29,0,0,0,0
2014/10/7,29,0,0,0,0
2014/10/8,37,0,0,0,0
2014/10/9,28,0,0,0,0
2014/10/10,39,0,0,0,0
2014/10/11,47,0,0,2,1
2014/10/12,44,1,0,2,2
2014/10/13,28,1,0,0,0
2014/10/14,37,0,0,0,0
2014/10/15,38,0,0,0,0
2014/10/16,36,0,0,0,0
2014/10/17,35,0,0,0,0
2014/10/18,49,0,0,1,1
2014/10/19,41,0,0,1,0
2014/10/20,41,0,0,1,0
2014/10/21,25,0,0,0,0
2014/10/22,33,0,0,0,0
2014/10/23,38,0,0,0,0
2014/10/24,38,0,0,1,0
2014/10/25,41,0,0,2,1
2014/10/26,53,0,0,2,1
2014/10/27,43,0,0,1,1
2014/10/28,35,0,0,1,1
2014/10/29,42,0,0,1,1
2014/10/30,47,0,0,1,1
2014/10/31,53,0,0,2,1
2014/11/1,58,0,0,2,1
2014/11/2,50,0,0,1,1
2014/11/3,41,0,0,0,0
2014/11/4,36,0,0,0,0
2014/11/5,26,0,0,0,0
2014/11/6,24,0,0,0,0
2014/11/7,33,0,0,0,0
2014/11/8,31,0,0,1,1
2014/11/9,25,0,0,0,0
2014/11/10,27,0,0,0,0
2014/11/11,22,0,0,0,0
2014/11/12,17,0,0,0,0
2014/11/13,20,0,0,0,0
2014/11/14,31,0,0,0,0
2014/11/15,45,0,0,1,1
2014/11/16,33,0,0,0,0
2014/11/17,35,0,0,0,0
2014/11/18,34,0,0,0,0
2014/11/19,40,0,0,0,0
2014/11/20,43,0,0,0,0
2014/11/21,45,0,0,0,0
2014/11/22,46,0,0,2,1
2014/11/23,39,0,0,2,2
2014/11/24,38,0,0,1,0
2014/11/25,44,0,0,0,0
2014/11/26,44,0,0,0,0
2014/11/27,47,0,0,1,0
2014/11/28,53,1,0,1,1
2014/11/29,50,1,0,2,2
2014/11/30,59,1,0,2,1
2014/12/1,34,1,0,1,1
2014/12/2,36,1,0,2,0
2014/12/3,36,1,0,0,0
2014/12/4,32,1,0,0,0
2014/12/5,31,1,0,1,1
2014/12/6,39,1,0,2,1
2014/12/7,39,1,0,1,0
2014/12/8,34,1,0,0,0
2014/12/9,22,1,0,0,0
2014/12/10,29,1,0,0,0
2014/12/11,25,1,0,0,0
2014/12/12,35,1,0,1,0
2014/12/13,39,1,0,1,1
2014/12/14,35,1,0,1,0
2014/12/15,28,1,0,0,0
2014/12/16,40,1,0,0,0
2014/12/17,41,1,0,0,0
2014/12/18,35,1,0,0,0
2014/12/19,37,0,0,1,0
2014/12/20,39,1,0,2,1
2014/12/21,49,1,0,2,2
2014/12/22,43,1,0,1,1
2014/12/23,46,0,0,1,0
2014/12/24,45,1,0,0,0
2014/12/25,52,1,0,0,0
2014/12/26,41,1,0,1,0
2014/12/27,37,1,0,3,2
2014/12/28,38,1,0,2,2
2014/12/29,42,0,0,1,1
2014/12/30,17,0,0,1,2
2014/12/31,0,0,1,0,0
2015/1/1,0,0,1,0,0
2015/1/2,0,0,1,0,0
2015/1/3,0,0,1,1,1
2015/1/4,36,0,0,0,0
2015/1/5,20,0,0,0,0
2015/1/6,20,0,0,0,0
2015/1/7,19,0,0,0,0
2015/1/8,24,1,0,0,0
2015/1/9,30,0,0,0,0
2015/1/10,46,1,0,0,0
2015/1/11,39,1,0,0,0
2015/1/12,30,0,0,0,0
2015/1/13,29,0,0,0,0
2015/1/14,29,1,0,0,0
2015/1/15,30,1,0,0,0
2015/1/16,33,0,0,0,0
2015/1/17,41,0,0,1,0
2015/1/18,35,0,0,0,0
2015/1/19,32,0,0,0,0
2015/1/20,29,0,0,0,0
2015/1/21,25,0,0,0,0
2015/1/22,30,1,0,0,0
2015/1/23,31,0,0,1,0
2015/1/24,56,0,0,1,1
2015/1/25,48,0,0,1,1
2015/1/26,36,0,0,0,0
2015/1/27,37,0,0,0,0
2015/1/28,44,0,0,0,0
2015/1/29,37,0,0,1,0
2015/1/30,50,0,0,1,1
2015/1/31,63,1,0,2,1
2015/2/1,49,0,0,2,1
2015/2/2,39,0,0,1,0
2015/2/3,33,0,0,0,0
2015/2/4,33,0,0,0,0
2015/2/5,22,0,0,0,0
2015/2/6,31,1,0,1,0
2015/2/7,40,0,0,2,1
2015/2/8,44,0,0,1,1
2015/2/9,39,0,0,0,0
2015/2/10,43,0,0,0,0
2015/2/11,36,0,0,0,0
2015/2/12,35,0,0,0,0
2015/2/13,31,0,0,0,0
2015/2/14,53,0,0,1,1
2015/2/15,47,0,0,1,0
2015/2/16,45,0,0,0,0
2015/2/17,35,0,0,0,0
2015/2/18,50,1,0,0,0
2015/2/19,35,0,0,0,0
2015/2/20,45,0,0,1,0
2015/2/21,64,0,0,2,2
2015/2/22,53,0,0,2,1
2015/2/23,60,1,0,1,1
2015/2/24,48,0,0,0,0
2015/2/25,53,0,0,1,0
2015/2/26,57,0,0,1,1
2015/2/27,72,1,0,1,1
2015/2/28,86,0,0,3,2
2015/3/1,61,0,0,2,1
2015/3/2,42,0,0,1,1
2015/3/3,51,0,0,1,0
2015/3/4,46,0,0,1,0
2015/3/5,47,0,0,1,0
2015/3/6,53,0,0,1,1
2015/3/7,41,1,0,2,1
2015/3/8,48,0,0,1,1
2015/3/9,46,0,0,0,0
2015/3/10,49,0,0,0,0
2015/3/11,54,0,0,0,0
2015/3/12,56,0,0,1,1
2015/3/13,53,0,0,1,1
2015/3/14,72,1,0,2,2
2015/3/15,68,1,0,2,2
2015/3/16,91,0,0,2,2
2015/3/17,93,0,0,1,1
2015/3/18,84,0,0,1,1
2015/3/19,97,0,0,1,1
2015/3/20,88,0,0,1,1
2015/3/21,83,1,0,3,3
2015/3/22,84,0,0,3,2
2015/3/23,88,0,0,4,2
2015/3/24,109,0,0,5,2
2015/3/25,78,0,0,5,4
2015/3/26,85,0,0,4,4
2015/3/27,95,0,0,4,4
2015/3/28,88,1,0,5,5
2015/3/29,96,0,0,5,4
2015/3/30,87,1,0,4,3
2015/3/31,75,1,0,4,3
2015/4/1,61,1,0,3,3
2015/4/2,60,1,0,2,2
2015/4/3,75,1,0,2,1
2015/4/4,86,1,0,4,3
2015/4/5,69,1,0,2,2
2015/4/6,61,1,0,1,1
2015/4/7,54,1,0,1,1
2015/4/8,55,0,0,0,0
2015/4/9,57,1,0,0,0
2015/4/10,68,1,0,1,1
2015/4/11,69,1,0,3,3
2015/4/12,59,1,0,2,1
2015/4/13,49,1,0,0,0
2015/4/14,34,0,0,0,0
2015/4/15,47,1,0,0,0
2015/4/16,32,1,0,0,0
2015/4/17,41,1,0,1,1
2015/4/18,52,1,0,2,2
2015/4/19,50,1,0,2,0
2015/4/20,34,0,0,0,0
2015/4/21,39,0,0,0,0
2015/4/22,55,0,0,0,0
2015/4/23,39,0,0,0,0
2015/4/24,45,1,0,2,1
2015/4/25,56,1,0,4,3
2015/4/26,54,0,0,3,2
2015/4/27,58,0,0,1,1
2015/4/28,57,0,0,1,0
2015/4/29,65,0,0,2,1
2015/4/30,61,1,0,2,1
2015/5/1,56,0,0,1,0
2015/5/2,44,0,0,2,1
2015/5/3,60,1,0,1,1
2015/5/4,57,0,0,1,0
2015/5/5,49,0,0,0,0
2015/5/6,41,0,0,0,0
2015/5/7,41,0,0,0,0
2015/5/8,28,0,0,0,0
2015/5/9,35,0,0,1,1
2015/5/10,34,0,0,1,0
2015/5/11,27,0,0,0,0
2015/5/12,34,0,0,0,0
2015/5/13,24,0,0,0,0
2015/5/14,28,0,0,0,0
2015/5/15,41,0,0,0,0
2015/5/16,42,0,0,1,0
2015/5/17,37,0,0,1,0
2015/5/18,38,0,0,0,0
2015/5/19,30,0,0,0,0
2015/5/20,33,0,0,0,0
2015/5/21,31,0,0,0,0
2015/5/22,46,0,0,1,0
2015/5/23,46,0,0,1,1
2015/5/24,37,0,0,1,1
2015/5/25,49,0,0,1,1
2015/5/26,44,0,0,0,0
2015/5/27,39,0,0,0,0
2015/5/28,52,0,0,1,0
2015/5/29,58,0,0,1,1
2015/5/30,56,0,0,2,2
2015/5/31,57,0,0,2,1
2015/6/1,33,0,0,1,1
2015/6/2,31,0,0,0,0
2015/6/3,24,0,0,0,0
2015/6/4,32,0,0,0,0
2015/6/5,25,0,0,1,0
2015/6/6,46,0,0,2,1
2015/6/7,39,0,0,1,0
2015/6/8,30,0,0,0,0
2015/6/9,24,0,0,0,0
2015/6/10,15,0,0,0,0
2015/6/11,32,0,0,0,0
2015/6/12,28,0,0,0,0
2015/6/13,45,0,0,1,1
2015/6/14,51,1,0,1,0
2015/6/15,30,0,0,0,0
2015/6/16,27,0,0,0,0
2015/6/17,27,0,0,0,0
2015/6/18,21,0,0,0,0
2015/6/19,37,0,0,0,0
2015/6/20,60,0,0,1,1
2015/6/21,49,0,0,1,1
2015/6/22,48,0,0,1,0
2015/6/23,47,0,0,0,0
2015/6/24,43,0,0,0,0
2015/6/25,53,0,0,1,0
2015/6/26,52,0,0,1,1
2015/6/27,68,0,0,2,2
2015/6/28,66,0,0,2,1
2015/6/29,60,0,0,1,1
2015/6/30,64,0,0,1,1
2015/7/1,38,0,0,1,1
2015/7/2,31,0,0,0,0
2015/7/3,34,0,0,1,0
2015/7/4,53,0,0,2,1
2015/7/5,45,0,0,1,0
2015/7/6,37,0,0,0,0
2015/7/7,24,0,0,0,0
2015/7/8,36,0,0,0,0
2015/7/9,30,0,0,0,0
2015/7/10,36,0,0,1,0
2015/7/11,49,0,0,1,1
2015/7/12,44,0,0,1,0
2015/7/13,35,0,0,0,0
2015/7/14,38,0,0,0,0
2015/7/15,33,0,0,0,0
2015/7/16,27,0,0,0,0
2015/7/17,46,0,0,1,0
2015/7/18,58,1,0,2,1
2015/7/19,58,0,0,2,1
2015/7/20,41,0,0,0,0
2015/7/21,35,0,0,1,0
2015/7/22,34,0,0,0,0
2015/7/23,36,0,0,0,0
2015/7/24,33,0,0,1,1
2015/7/25,51,0,0,3,2
2015/7/26,41,0,0,2,2
2015/7/27,34,1,0,1,1
2015/7/28,39,1,0,1,0
2015/7/29,42,0,0,1,0
2015/7/30,50,1,0,1,1
2015/7/31,58,0,0,2,1
2015/8/1,59,0,0,2,1
2015/8/2,49,0,0,1,1
2015/8/3,54,0,0,0,0
2015/8/4,44,0,0,0,0
2015/8/5,34,0,0,0,0
2015/8/6,21,0,0,0,0
2015/8/7,30,0,0,0,0
2015/8/8,39,0,0,1,1
2015/8/9,31,0,0,0,0
2015/8/10,41,0,0,0,0
2015/8/11,41,0,0,0,0
2015/8/12,0,0,1,0,0
2015/8/13,41,0,0,0,0
2015/8/14,44,0,0,0,0
2015/8/15,30,0,0,0,0
2015/8/16,22,0,0,0,0
2015/8/17,39,0,0,0,0
2015/8/18,29,0,0,0,0
2015/8/19,27,0,0,0,0
2015/8/20,43,0,0,0,0
2015/8/21,41,0,0,0,0
2015/8/22,39,0,0,1,1
2015/8/23,30,0,0,1,0
2015/8/24,49,0,0,1,0
2015/8/25,39,0,0,0,0
2015/8/26,44,0,0,0,0
2015/8/27,57,0,0,0,0
2015/8/28,60,0,0,1,0
2015/8/29,70,1,0,2,1
2015/8/30,66,0,0,2,1
2015/8/31,67,1,0,1,1
2015/9/1,34,1,0,1,1
2015/9/2,29,0,0,0,0
2015/9/3,41,0,0,0,0
2015/9/4,31,0,0,1,0
2015/9/5,37,0,0,2,1
2015/9/6,46,0,0,1,0
2015/9/7,31,0,0,0,0
2015/9/8,16,0,0,0,0
2015/9/9,19,0,0,0,0
2015/9/10,25,0,0,0,0
2015/9/11,26,0,0,0,0
2015/9/12,39,0,0,1,1
2015/9/13,35,0,0,0,0
2015/9/14,48,0,0,0,0
2015/9/15,48,0,0,0,0
2015/9/16,57,0,0,0,0
2015/9/17,31,0,0,0,0
2015/9/18,45,0,0,0,0
2015/9/19,47,0,0,1,1
2015/9/20,67,0,0,2,1
2015/9/21,61,0,0,1,0
2015/9/22,51,0,0,1,1
2015/9/23,56,0,0,0,1
2015/9/24,45,1,0,0,0
2015/9/25,54,1,0,1,1
2015/9/26,51,1,0,2,2
2015/9/27,53,1,0,2,2
2015/9/28,53,1,0,1,1
2015/9/29,56,1,0,1,0
2015/9/30,53,1,0,1,1
2015/10/1,48,1,0,1,0
2015/10/2,54,1,0,0,0
2015/10/3,44,1,0,1,1
2015/10/4,57,1,0,1,1
2015/10/5,43,1,0,0,0
2015/10/6,31,1,0,0,0
2015/10/7,30,1,0,0,0
2015/10/8,38,1,0,0,0
2015/10/9,43,1,0,1,0
2015/10/10,50,1,0,2,1
2015/10/11,42,1,0,2,1
2015/10/12,41,1,0,0,0
2015/10/13,33,1,0,0,0
2015/10/14,41,1,0,0,0
2015/10/15,42,1,0,0,0
2015/10/16,37,1,0,0,0
2015/10/17,46,1,0,1,1
2015/10/18,40,1,0,1,0
2015/10/19,34,1,0,0,0
2015/10/20,29,1,0,0,0
2015/10/21,28,1,0,0,0
2015/10/22,42,1,0,0,0
2015/10/23,32,1,0,1,0
2015/10/24,56,1,0,2,1
2015/10/25,50,1,0,1,1
2015/10/26,45,1,0,2,0
2015/10/27,35,1,0,1,1
2015/10/28,48,0,0,0,0
2015/10/29,52,1,0,1,1
2015/10/30,53,1,0,1,1
2015/10/31,75,1,0,2,2
2015/11/1,48,1,0,2,2
2015/11/2,53,1,0,1,1
2015/11/3,32,0,0,1,0
2015/11/4,20,0,0,0,0
2015/11/5,25,0,0,0,0
2015/11/6,22,1,0,0,0
2015/11/7,38,1,0,1,1
2015/11/8,32,0,0,1,0
2015/11/9,25,0,0,0,0
2015/11/10,21,0,0,0,0
2015/11/11,29,0,0,0,0
2015/11/12,23,1,0,0,0
2015/11/13,37,0,0,1,0
2015/11/14,47,0,0,1,1
2015/11/15,13,1,0,0,0
2015/11/16,37,0,0,0,0
2015/11/17,20,0,0,0,0
2015/11/18,27,0,0,0,0
2015/11/19,34,0,0,0,0
2015/11/20,42,1,0,0,0
2015/11/21,67,0,0,1,0
2015/11/22,57,0,0,0,0
2015/11/23,41,0,0,0,0
2015/11/24,37,0,0,0,0
2015/11/25,40,0,0,1,0
2015/11/26,32,0,0,0,0
2015/11/27,44,0,0,1,0
2015/11/28,60,0,0,2,1
2015/11/29,45,0,0,1,1
2015/11/30,54,0,0,1,0
2015/12/1,41,1,0,1,1
2015/12/2,29,1,0,0,0
2015/12/3,25,1,0,0,0
2015/12/4,33,1,0,0,0
2015/12/5,49,1,0,1,1
2015/12/6,48,1,0,1,0
2015/12/7,34,1,0,0,0
2015/12/8,29,1,0,0,0
2015/12/9,33,1,0,0,0
2015/12/10,39,1,0,0,0
2015/12/11,47,1,0,0,0
2015/12/12,62,1,0,1,1
2015/12/13,52,1,0,0,0
2015/12/14,47,1,0,0,0
2015/12/15,43,1,0,0,0
2015/12/16,39,1,0,0,0
2015/12/17,37,1,0,0,0
2015/12/18,54,1,0,1,0
2015/12/19,63,1,0,1,1
2015/12/20,58,1,0,1,1
2015/12/21,65,1,0,0,0
2015/12/22,61,1,0,0,0
2015/12/23,71,1,0,0,0
2015/12/24,49,1,0,0,0
2015/12/25,50,1,0,1,1
2015/12/26,64,1,0,2,2
2015/12/27,70,1,0,1,1
2015/12/28,59,1,0,0,0
2015/12/29,37,1,0,1,0
2015/12/30,30,0,0,0,0
2015/12/31,0,0,1,0,0
2016/1/1,0,0,1,0,0
2016/1/2,0,0,1,1,1
2016/1/3,0,0,1,1,1
2016/1/4,24,0,0,0,0
2016/1/5,17,0,0,0,0
2016/1/6,15,0,0,0,0
2016/1/7,22,1,0,0,0
2016/1/8,34,0,0,0,0
2016/1/9,50,0,0,0,0
2016/1/10,52,1,0,0,0
2016/1/11,26,0,0,0,0
2016/1/12,32,0,0,0,0
2016/1/13,32,0,0,0,0
2016/1/14,22,0,0,0,0
2016/1/15,34,1,0,0,0
2016/1/16,47,1,0,1,0
2016/1/17,51,0,0,0,0
2016/1/18,20,0,0,0,0
2016/1/19,24,0,0,0,0
2016/1/20,36,0,0,0,0
2016/1/21,31,1,0,0,0
2016/1/22,43,0,0,0,0
2016/1/23,58,1,0,1,1
2016/1/24,42,0,0,0,0
2016/1/25,46,0,0,0,0
2016/1/26,42,1,0,0,0
2016/1/27,41,0,0,0,0
2016/1/28,53,1,0,0,0
2016/1/29,68,1,0,0,0
2016/1/30,78,1,0,2,1
2016/1/31,79,1,0,1,1
2016/2/1,50,1,0,1,1
2016/2/2,31,1,0,0,0
2016/2/3,40,1,0,0,0
2016/2/4,29,1,0,0,0
2016/2/5,39,1,0,0,0
2016/2/6,48,1,0,2,2
2016/2/7,58,1,0,1,0
2016/2/8,43,1,0,0,0
2016/2/9,31,0,0,0,0
2016/2/10,48,0,0,0,0
2016/2/11,42,1,0,1,0
2016/2/12,55,0,0,1,0
2016/2/13,53,0,0,2,1
2016/2/14,51,1,0,1,0
2016/2/15,45,0,0,0,0
2016/2/16,33,0,0,0,0
2016/2/17,26,0,0,0,0
2016/2/18,47,0,0,0,0
2016/2/19,37,0,0,1,1
2016/2/20,66,1,0,2,2
2016/2/21,63,1,0,1,2
2016/2/22,61,0,0,1,0
2016/2/23,63,0,0,1,0
2016/2/24,62,0,0,1,1
2016/2/25,63,1,0,1,0
2016/2/26,71,0,0,2,1
2016/2/27,83,1,0,3,2
2016/2/28,68,0,0,2,2
2016/2/29,77,1,0,2,1
2016/3/1,63,1,0,2,1
2016/3/2,59,1,0,1,1
2016/3/3,53,1,0,0,0
2016/3/4,62,1,0,1,0
2016/3/5,67,1,0,2,1
2016/3/6,59,1,0,1,1
2016/3/7,53,1,0,1,1
2016/3/8,46,0,0,1,0
2016/3/9,56,1,0,0,0
2016/3/10,60,1,0,0,0
2016/3/11,66,0,0,1,0
2016/3/12,84,1,0,2,2
2016/3/13,77,0,0,1,1
2016/3/14,69,1,0,1,1
2016/3/15,81,0,0,2,1
2016/3/16,78,0,0,1,2
2016/3/17,87,0,0,2,3
2016/3/18,102,0,0,2,3
2016/3/19,94,1,0,3,3
2016/3/20,101,0,0,4,4
2016/3/21,100,1,0,3,3
2016/3/22,96,0,0,4,4
2016/3/23,96,1,0,2,4
2016/3/24,94,1,0,3,2
2016/3/25,90,1,0,4,5
2016/3/26,93,1,0,5,5
2016/3/27,94,1,0,5,4
2016/3/28,86,1,0,4,4
2016/3/29,98,1,0,4,4
2016/3/30,99,1,0,5,4
2016/3/31,105,1,0,5,4
