datetime,,y,client,close,price_am,price_pm,,price_am,price_pm
2010/7/1,뒞,17,0,0,-1,-1,5,0,0
2010/7/2,,18,0,0,-1,-1,6,0,0
2010/7/3,늧,20,0,0,-1,-1,7,1,1
2010/7/4,,20,0,0,-1,-1,1,1,1
2010/7/5,깵,14,0,0,-1,-1,2,0,0
2010/7/6,괉,14,0,0,-1,-1,3,0,0
2010/7/7,낸,4,0,0,-1,-1,4,0,0
2010/7/8,뒞,10,0,0,-1,-1,5,0,0
2010/7/9,,12,0,0,-1,-1,6,0,0
2010/7/10,늧,21,0,0,-1,-1,7,1,1
2010/7/11,,15,0,0,-1,-1,1,1,1
2010/7/12,깵,11,0,0,-1,-1,2,0,0
2010/7/13,괉,8,0,0,-1,-1,3,0,0
2010/7/14,낸,13,0,0,-1,-1,4,0,0
2010/7/15,뒞,8,0,0,-1,-1,5,0,0
2010/7/16,,16,0,0,-1,-1,6,0,0
2010/7/17,늧,23,0,0,-1,-1,7,1,1
2010/7/18,,25,0,0,-1,-1,1,1,1
2010/7/19,깵,18,0,0,-1,-1,2,0,0
2010/7/20,괉,21,0,0,-1,-1,3,0,0
2010/7/21,낸,9,0,0,-1,-1,4,0,0
2010/7/22,뒞,8,0,0,-1,-1,5,0,0
2010/7/23,,12,0,0,-1,-1,6,0,0
2010/7/24,늧,23,0,0,-1,-1,7,1,1
2010/7/25,,18,0,0,-1,-1,1,1,1
2010/7/26,깵,18,0,0,-1,-1,2,0,0
2010/7/27,괉,14,0,0,-1,-1,3,0,0
2010/7/28,낸,18,0,0,-1,-1,4,0,0
2010/7/29,뒞,19,0,0,-1,-1,5,0,0
2010/7/30,,15,0,0,-1,-1,6,0,0
2010/7/31,늧,18,0,0,-1,-1,7,1,1
2010/8/1,,20,0,0,-1,-1,1,1,1
2010/8/2,깵,17,0,0,-1,-1,2,0,0
2010/8/3,괉,15,0,0,-1,-1,3,0,0
2010/8/4,낸,14,0,0,-1,-1,4,0,0
2010/8/5,뒞,15,0,0,-1,-1,5,0,0
2010/8/6,,17,0,0,-1,-1,6,0,0
2010/8/7,늧,18,0,0,-1,-1,7,1,1
2010/8/8,,20,0,0,-1,-1,1,1,1
2010/8/9,깵,11,0,0,-1,-1,2,0,0
2010/8/10,괉,13,0,0,-1,-1,3,0,0
2010/8/11,낸,15,0,0,-1,-1,4,0,0
2010/8/12,뒞,15,0,0,-1,-1,5,0,0
2010/8/13,,15,0,0,-1,-1,6,0,0
2010/8/14,늧,18,0,0,-1,-1,7,1,1
2010/8/15,,12,0,0,-1,-1,1,1,1
2010/8/16,깵,18,0,0,-1,-1,2,0,0
2010/8/17,괉,15,0,0,-1,-1,3,0,0
2010/8/18,낸,0,0,0,-1,-1,4,0,0
2010/8/19,뒞,17,0,0,-1,-1,5,0,0
2010/8/20,,15,0,0,-1,-1,6,0,0
2010/8/21,늧,19,0,0,-1,-1,7,1,1
2010/8/22,,18,0,0,-1,-1,1,1,1
2010/8/23,깵,19,0,0,-1,-1,2,0,0
2010/8/24,괉,11,0,0,-1,-1,3,0,0
2010/8/25,낸,13,0,0,-1,-1,4,0,0
2010/8/26,뒞,20,0,0,-1,-1,5,0,0
2010/8/27,,20,0,0,-1,-1,6,0,0
2010/8/28,늧,27,0,0,-1,-1,7,1,1
2010/8/29,,23,0,0,-1,-1,1,1,1
2010/8/30,깵,24,0,0,-1,-1,2,0,0
2010/8/31,괉,18,0,0,-1,-1,3,0,0
2010/9/1,낸,19,0,0,-1,-1,4,0,0
2010/9/2,뒞,16,0,0,-1,-1,5,0,0
2010/9/3,,13,0,0,-1,-1,6,0,0
2010/9/4,늧,15,0,0,-1,-1,7,1,1
2010/9/5,,21,0,0,-1,-1,1,1,1
2010/9/6,깵,11,0,0,-1,-1,2,0,0
2010/9/7,괉,19,0,0,-1,-1,3,0,0
2010/9/8,낸,9,0,0,-1,-1,4,0,0
2010/9/9,뒞,4,0,0,-1,-1,5,0,0
2010/9/10,,9,0,0,-1,-1,6,0,0
2010/9/11,늧,13,0,0,-1,-1,7,1,1
2010/9/12,,12,0,0,-1,-1,1,1,1
2010/9/13,깵,11,0,0,-1,-1,2,0,0
2010/9/14,괉,10,0,0,-1,-1,3,0,0
2010/9/15,낸,14,0,0,-1,-1,4,0,0
2010/9/16,뒞,7,0,0,-1,-1,5,0,0
2010/9/17,,19,0,0,-1,-1,6,0,0
2010/9/18,늧,19,0,0,-1,-1,7,1,1
2010/9/19,,13,0,0,-1,-1,1,1,1
2010/9/20,깵,16,0,0,-1,-1,2,0,0
2010/9/21,괉,18,0,0,-1,-1,3,0,0
2010/9/22,낸,12,0,0,-1,-1,4,0,0
2010/9/23,뒞,32,0,0,-1,-1,5,0,0
2010/9/24,,30,0,0,-1,-1,6,0,0
2010/9/25,늧,24,0,0,-1,-1,7,1,1
2010/9/26,,26,0,0,-1,-1,1,1,1
2010/9/27,깵,17,0,0,-1,-1,2,0,0
2010/9/28,괉,23,0,0,-1,-1,3,0,0
2010/9/29,낸,15,0,0,-1,-1,4,0,0
2010/9/30,뒞,27,0,0,-1,-1,5,0,0
2010/10/1,,24,0,0,-1,-1,6,0,0
2010/10/2,늧,18,0,0,-1,-1,7,1,1
2010/10/3,,16,0,0,-1,-1,1,1,1
2010/10/4,깵,10,0,0,-1,-1,2,0,0
2010/10/5,괉,13,0,0,-1,-1,3,0,0
2010/10/6,낸,3,0,0,-1,-1,4,0,0
2010/10/7,뒞,7,0,0,-1,-1,5,0,0
2010/10/8,,11,0,0,-1,-1,6,0,0
2010/10/9,늧,17,0,0,-1,-1,7,1,1
2010/10/10,,18,0,0,-1,-1,1,1,1
2010/10/11,깵,7,0,0,-1,-1,2,0,0
2010/10/12,괉,8,0,0,-1,-1,3,0,0
2010/10/13,낸,8,0,0,-1,-1,4,0,0
2010/10/14,뒞,13,0,0,-1,-1,5,0,0
2010/10/15,,9,0,0,-1,-1,6,0,0
2010/10/16,늧,17,0,0,-1,-1,7,1,1
2010/10/17,,12,0,0,-1,-1,1,1,1
2010/10/18,깵,11,0,0,-1,-1,2,0,0
2010/10/19,괉,6,0,0,-1,-1,3,0,0
2010/10/20,낸,12,0,0,-1,-1,4,0,0
2010/10/21,뒞,3,0,0,-1,-1,5,0,0
2010/10/22,,7,0,0,-1,-1,6,0,0
2010/10/23,늧,21,0,0,-1,-1,7,1,1
2010/10/24,,20,0,0,-1,-1,1,1,1
2010/10/25,깵,13,0,0,-1,-1,2,0,0
2010/10/26,괉,12,0,0,-1,-1,3,0,0
2010/10/27,낸,13,0,0,-1,-1,4,0,0
2010/10/28,뒞,18,0,0,-1,-1,5,0,0
2010/10/29,,26,0,0,-1,-1,6,0,0
2010/10/30,늧,29,0,0,-1,-1,7,1,1
2010/10/31,,23,0,0,-1,-1,1,1,1
2010/11/1,깵,16,0,0,-1,-1,2,0,0
2010/11/2,괉,12,0,0,-1,-1,3,0,0
2010/11/3,낸,15,0,0,-1,-1,4,0,0
2010/11/4,뒞,11,0,0,-1,-1,5,0,0
2010/11/5,,13,0,0,-1,-1,6,0,0
2010/11/6,늧,17,0,0,-1,-1,7,1,1
2010/11/7,,13,0,0,-1,-1,1,1,1
2010/11/8,깵,8,0,0,-1,-1,2,0,0
2010/11/9,괉,7,0,0,-1,-1,3,0,0
2010/11/10,낸,11,0,0,-1,-1,4,0,0
2010/11/11,뒞,11,0,0,-1,-1,5,0,0
2010/11/12,,15,0,0,-1,-1,6,0,0
2010/11/13,늧,16,0,0,-1,-1,7,1,1
2010/11/14,,19,0,0,-1,-1,1,1,1
2010/11/15,깵,21,0,0,-1,-1,2,0,0
2010/11/16,괉,14,0,0,-1,-1,3,0,0
2010/11/17,낸,11,0,0,-1,-1,4,0,0
2010/11/18,뒞,9,0,0,-1,-1,5,0,0
2010/11/19,,25,0,0,-1,-1,6,0,0
2010/11/20,늧,24,0,0,-1,-1,7,1,1
2010/11/21,,22,0,0,-1,-1,1,1,1
2010/11/22,깵,22,0,0,-1,-1,2,0,0
2010/11/23,괉,16,0,0,-1,-1,3,0,0
2010/11/24,낸,14,0,0,-1,-1,4,0,0
2010/11/25,뒞,18,0,0,-1,-1,5,0,0
2010/11/26,,22,0,0,-1,-1,6,0,0
2010/11/27,늧,26,0,0,-1,-1,7,1,1
2010/11/28,,22,0,0,-1,-1,1,1,1
2010/11/29,깵,22,0,0,-1,-1,2,0,0
2010/11/30,괉,21,0,0,-1,-1,3,0,0
2010/12/1,낸,23,0,0,-1,-1,4,0,0
2010/12/2,뒞,14,0,0,-1,-1,5,0,0
2010/12/3,,18,0,0,-1,-1,6,0,0
2010/12/4,늧,27,0,0,-1,-1,7,1,1
2010/12/5,,16,0,0,-1,-1,1,1,1
2010/12/6,깵,17,0,0,-1,-1,2,0,0
2010/12/7,괉,12,0,0,-1,-1,3,0,0
2010/12/8,낸,13,0,0,-1,-1,4,0,0
2010/12/9,뒞,12,0,0,-1,-1,5,0,0
2010/12/10,,19,0,0,-1,-1,6,0,0
2010/12/11,늧,14,0,0,-1,-1,7,1,1
2010/12/12,,23,0,0,-1,-1,1,1,1
2010/12/13,깵,16,0,0,-1,-1,2,0,0
2010/12/14,괉,13,0,0,-1,-1,3,0,0
2010/12/15,낸,21,0,0,-1,-1,4,0,0
2010/12/16,뒞,17,0,0,-1,-1,5,0,0
2010/12/17,,21,0,0,-1,-1,6,0,0
2010/12/18,늧,23,0,0,-1,-1,7,1,1
2010/12/19,,27,0,0,-1,-1,1,1,1
2010/12/20,깵,23,0,0,-1,-1,2,0,0
2010/12/21,괉,22,0,0,-1,-1,3,0,0
2010/12/22,낸,21,0,0,-1,-1,4,0,0
2010/12/23,뒞,18,0,0,-1,-1,5,0,0
2010/12/24,,29,0,0,-1,-1,6,0,0
2010/12/25,늧,28,0,0,-1,-1,7,1,1
2010/12/26,,26,0,0,-1,-1,1,1,1
2010/12/27,깵,26,0,0,-1,-1,2,0,0
2010/12/28,괉,18,0,0,-1,-1,3,0,0
2010/12/29,낸,23,0,0,-1,-1,4,0,0
2010/12/30,뒞,15,0,0,-1,-1,5,0,0
2010/12/31,,0,0,1,-1,-1,6,0,0
2011/1/1,늧,0,0,1,-1,-1,7,1,1
2011/1/2,,0,0,1,-1,-1,1,1,1
2011/1/3,깵,0,0,1,-1,-1,2,0,0
2011/1/4,괉,16,0,0,0,0,3,0,0
2011/1/5,낸,16,0,0,0,0,4,0,0
2011/1/6,뒞,13,0,0,0,0,5,0,0
2011/1/7,,14,0,0,0,0,6,0,0
2011/1/8,늧,16,0,0,0,0,7,0,0
2011/1/9,,16,0,0,0,0,1,0,0
2011/1/10,깵,14,0,0,0,0,2,0,0
2011/1/11,괉,13,0,0,0,0,3,0,0
2011/1/12,낸,5,0,0,0,0,4,0,0
2011/1/13,뒞,9,0,0,0,0,5,0,0
2011/1/14,,14,0,0,0,0,6,0,0
2011/1/15,늧,19,0,0,0,0,7,0,0
2011/1/16,,22,0,0,0,0,1,0,0
2011/1/17,깵,12,0,0,0,0,2,0,0
2011/1/18,괉,11,0,0,0,0,3,0,0
2011/1/19,낸,6,0,0,0,0,4,0,0
2011/1/20,뒞,7,0,0,0,0,5,0,0
2011/1/21,,14,0,0,0,0,6,0,0
2011/1/22,늧,17,0,0,1,0,7,1,0
2011/1/23,,18,0,0,0,0,1,0,0
2011/1/24,깵,12,0,0,0,0,2,0,0
2011/1/25,괉,15,0,0,0,0,3,0,0
2011/1/26,낸,13,0,0,0,0,4,0,0
2011/1/27,뒞,18,0,0,1,1,5,1,1
2011/1/28,,16,0,0,1,1,6,1,1
2011/1/29,늧,23,0,0,2,1,7,2,1
2011/1/30,,28,0,0,2,1,1,2,1
2011/1/31,깵,23,0,0,1,0,2,1,0
2011/2/1,괉,22,0,0,1,1,3,1,1
2011/2/2,낸,14,0,0,1,1,4,1,1
2011/2/3,뒞,12,0,0,0,0,5,0,0
2011/2/4,,16,0,0,0,0,6,0,0
2011/2/5,늧,24,0,0,1,1,7,1,1
2011/2/6,,17,0,0,1,1,1,1,1
2011/2/7,깵,15,0,0,0,0,2,0,0
2011/2/8,괉,7,0,0,0,0,3,0,0
2011/2/9,낸,9,0,0,0,0,4,0,0
2011/2/10,뒞,21,0,0,0,0,5,0,0
2011/2/11,,29,0,0,2,1,6,2,1
2011/2/12,늧,21,0,0,2,1,7,2,1
2011/2/13,,25,0,0,1,1,1,1,1
2011/2/14,깵,8,0,0,0,0,2,0,0
2011/2/15,괉,13,0,0,0,0,3,0,0
2011/2/16,낸,10,0,0,0,0,4,0,0
2011/2/17,뒞,17,0,0,0,0,5,0,0
2011/2/18,,22,0,0,1,0,6,1,0
2011/2/19,늧,25,0,0,2,2,7,2,2
2011/2/20,,24,0,0,2,1,1,2,1
2011/2/21,깵,26,0,0,0,0,2,0,0
2011/2/22,괉,15,0,0,1,0,3,1,0
2011/2/23,낸,21,0,0,1,0,4,1,0
2011/2/24,뒞,23,0,0,1,1,5,1,1
2011/2/25,,29,0,0,2,1,6,2,1
2011/2/26,늧,32,0,0,3,2,7,3,2
2011/2/27,,33,0,0,2,2,1,2,2
2011/2/28,깵,30,0,0,2,1,2,2,1
2011/3/1,괉,28,0,0,1,1,3,1,1
2011/3/2,낸,21,0,0,0,0,4,0,0
2011/3/3,뒞,20,0,0,0,0,5,0,0
2011/3/4,,12,0,0,1,1,6,1,1
2011/3/5,늧,27,0,0,2,1,7,2,1
2011/3/6,,21,0,0,1,1,1,1,1
2011/3/7,깵,22,0,0,0,0,2,0,0
2011/3/8,괉,21,0,0,0,0,3,0,0
2011/3/9,낸,15,0,0,0,0,4,0,0
2011/3/10,뒞,21,0,0,0,0,5,0,0
2011/3/11,,17,0,0,0,0,6,0,0
2011/3/12,늧,25,0,0,2,2,7,2,2
2011/3/13,,17,0,0,2,1,1,2,1
2011/3/14,깵,27,0,0,1,1,2,1,1
2011/3/15,괉,31,0,0,1,1,3,1,1
2011/3/16,낸,34,0,0,2,2,4,2,2
2011/3/17,뒞,34,0,0,2,2,5,2,2
2011/3/18,,42,0,0,2,2,6,2,2
2011/3/19,늧,40,0,0,3,3,7,3,3
2011/3/20,,41,0,0,5,3,1,5,3
2011/3/21,깵,39,0,0,3,2,2,3,2
2011/3/22,괉,39,0,0,3,3,3,3,3
2011/3/23,낸,37,0,0,5,4,4,5,4
2011/3/24,뒞,36,0,0,5,3,5,5,3
2011/3/25,,35,0,0,4,5,6,4,5
2011/3/26,늧,40,0,0,5,5,7,5,5
2011/3/27,,35,0,0,5,4,1,5,4
2011/3/28,깵,49,0,0,3,2,2,3,2
2011/3/29,괉,37,0,0,3,2,3,3,2
2011/3/30,낸,38,0,0,4,3,4,4,3
2011/3/31,뒞,34,0,0,4,4,5,4,4
2011/4/1,,48,0,0,4,2,6,4,2
2011/4/2,늧,29,0,0,5,4,7,5,4
2011/4/3,,28,0,0,3,3,1,3,3
2011/4/4,깵,23,0,0,2,1,2,2,1
2011/4/5,괉,25,0,0,1,1,3,1,1
2011/4/6,낸,31,0,0,0,0,4,0,0
2011/4/7,뒞,28,0,0,0,0,5,0,0
2011/4/8,,37,0,0,0,0,6,0,0
2011/4/9,늧,39,0,0,3,2,7,3,2
2011/4/10,,29,0,0,2,1,1,2,1
2011/4/11,깵,14,0,0,0,0,2,0,0
2011/4/12,괉,13,0,0,0,0,3,0,0
2011/4/13,낸,10,0,0,0,0,4,0,0
2011/4/14,뒞,16,0,0,0,0,5,0,0
2011/4/15,,32,0,0,0,0,6,0,0
2011/4/16,늧,25,0,0,2,2,7,2,2
2011/4/17,,24,0,0,2,1,1,2,1
2011/4/18,깵,16,0,0,0,0,2,0,0
2011/4/19,괉,16,0,0,0,0,3,0,0
2011/4/20,낸,11,0,0,0,0,4,0,0
2011/4/21,뒞,7,0,0,0,0,5,0,0
2011/4/22,,25,0,0,1,1,6,1,1
2011/4/23,늧,26,0,0,3,2,7,3,2
2011/4/24,,24,0,0,2,1,1,2,1
2011/4/25,깵,19,0,0,1,1,2,1,1
2011/4/26,괉,29,0,0,1,1,3,1,1
2011/4/27,낸,20,0,0,1,1,4,1,1
2011/4/28,뒞,23,0,0,1,1,5,1,1
2011/4/29,,22,0,0,2,1,6,2,1
2011/4/30,늧,21,0,0,3,3,7,3,3
2011/5/1,,19,0,0,1,1,1,1,1
2011/5/2,깵,21,0,0,1,0,2,1,0
2011/5/3,괉,15,0,0,2,1,3,2,1
2011/5/4,낸,18,0,0,1,0,4,1,0
2011/5/5,뒞,15,0,0,1,0,5,1,0
2011/5/6,,18,0,0,0,0,6,0,0
2011/5/7,늧,14,0,0,1,0,7,1,0
2011/5/8,,6,0,0,0,0,1,0,0
2011/5/9,깵,11,0,0,0,0,2,0,0
2011/5/10,괉,7,0,0,0,0,3,0,0
2011/5/11,낸,6,0,0,0,0,4,0,0
2011/5/12,뒞,11,0,0,0,0,5,0,0
2011/5/13,,5,0,0,0,0,6,0,0
2011/5/14,늧,21,0,0,1,1,7,1,1
2011/5/15,,20,0,0,1,0,1,1,0
2011/5/16,깵,17,0,0,0,0,2,0,0
2011/5/17,괉,7,0,0,0,0,3,0,0
2011/5/18,낸,11,0,0,0,0,4,0,0
2011/5/19,뒞,10,0,0,0,0,5,0,0
2011/5/20,,16,0,0,1,0,6,1,0
2011/5/21,늧,22,0,0,1,1,7,1,1
2011/5/22,,21,0,0,1,1,1,1,1
2011/5/23,깵,13,0,0,0,0,2,0,0
2011/5/24,괉,10,0,0,0,0,3,0,0
2011/5/25,낸,14,0,0,0,0,4,0,0
2011/5/26,뒞,18,0,0,0,0,5,0,0
2011/5/27,,17,0,0,1,1,6,1,1
2011/5/28,늧,31,0,0,2,1,7,2,1
2011/5/29,,24,0,0,1,1,1,1,1
2011/5/30,깵,24,0,0,1,0,2,1,0
2011/5/31,괉,25,0,0,1,0,3,1,0
2011/6/1,낸,14,0,0,1,0,4,1,0
2011/6/2,뒞,15,0,0,1,0,5,1,0
2011/6/3,,13,0,0,1,0,6,1,0
2011/6/4,늧,25,0,0,1,1,7,1,1
2011/6/5,,23,0,0,1,0,1,1,0
2011/6/6,깵,7,0,0,0,0,2,0,0
2011/6/7,괉,4,0,0,0,0,3,0,0
2011/6/8,낸,13,0,0,0,0,4,0,0
2011/6/9,뒞,14,0,0,0,0,5,0,0
2011/6/10,,18,0,0,0,0,6,0,0
2011/6/11,늧,20,0,0,1,1,7,1,1
2011/6/12,,11,0,0,1,0,1,1,0
2011/6/13,깵,8,0,0,0,0,2,0,0
2011/6/14,괉,9,0,0,0,0,3,0,0
2011/6/15,낸,11,0,0,0,0,4,0,0
2011/6/16,뒞,15,0,0,0,0,5,0,0
2011/6/17,,13,0,0,0,0,6,0,0
2011/6/18,늧,20,0,0,1,1,7,1,1
2011/6/19,,16,0,0,1,1,1,1,1
2011/6/20,깵,18,0,0,0,0,2,0,0
2011/6/21,괉,11,0,0,0,0,3,0,0
2011/6/22,낸,7,0,0,0,0,4,0,0
2011/6/23,뒞,12,0,0,0,0,5,0,0
2011/6/24,,20,0,0,1,0,6,1,0
2011/6/25,늧,23,0,0,2,1,7,2,1
2011/6/26,,23,0,0,2,1,1,2,1
2011/6/27,깵,18,0,0,1,0,2,1,0
2011/6/28,괉,21,0,0,0,0,3,0,0
2011/6/29,낸,25,0,0,1,0,4,1,0
2011/6/30,뒞,24,0,0,1,2,5,1,2
2011/7/1,,16,0,0,-1,-1,6,0,0
2011/7/2,늧,25,0,0,2,1,7,2,1
2011/7/3,,17,0,0,1,1,1,1,1
2011/7/4,깵,11,0,0,0,0,2,0,0
2011/7/5,괉,8,0,0,0,0,3,0,0
2011/7/6,낸,11,0,0,0,0,4,0,0
2011/7/7,뒞,10,0,0,0,0,5,0,0
2011/7/8,,16,0,0,0,0,6,0,0
2011/7/9,늧,19,0,0,1,1,7,1,1
2011/7/10,,20,0,0,1,1,1,1,1
2011/7/11,깵,17,0,0,0,0,2,0,0
2011/7/12,괉,10,0,0,0,0,3,0,0
2011/7/13,낸,9,0,0,0,0,4,0,0
2011/7/14,뒞,16,0,0,0,0,5,0,0
2011/7/15,,19,0,0,0,0,6,0,0
2011/7/16,늧,17,0,0,2,1,7,2,1
2011/7/17,,23,0,0,2,1,1,2,1
2011/7/18,깵,19,0,0,1,0,2,1,0
2011/7/19,괉,13,0,0,0,0,3,0,0
2011/7/20,낸,15,0,0,0,0,4,0,0
2011/7/21,뒞,14,0,0,0,0,5,0,0
2011/7/22,,18,0,0,1,0,6,1,0
2011/7/23,늧,22,0,0,1,1,7,1,1
2011/7/24,,23,0,0,1,1,1,1,1
2011/7/25,깵,14,0,0,1,0,2,1,0
2011/7/26,괉,11,0,0,1,0,3,1,0
2011/7/27,낸,14,0,0,1,0,4,1,0
2011/7/28,뒞,17,0,0,1,0,5,1,0
2011/7/29,,24,0,0,1,1,6,1,1
2011/7/30,늧,23,0,0,2,2,7,2,2
2011/7/31,,31,0,0,2,1,1,2,1
2011/8/1,깵,19,0,0,1,0,2,1,0
2011/8/2,괉,10,0,0,0,0,3,0,0
2011/8/3,낸,11,0,0,0,0,4,0,0
2011/8/4,뒞,12,0,0,0,0,5,0,0
2011/8/5,,15,0,0,0,0,6,0,0
2011/8/6,늧,22,0,0,1,1,7,1,1
2011/8/7,,12,0,0,1,0,1,1,0
2011/8/8,깵,15,0,0,0,0,2,0,0
2011/8/9,괉,13,0,0,0,0,3,0,0
2011/8/10,낸,15,0,0,0,0,4,0,0
2011/8/11,뒞,11,0,0,0,0,5,0,0
2011/8/12,,16,0,0,0,0,6,0,0
2011/8/13,늧,13,0,0,0,0,7,0,0
2011/8/14,,0,0,0,0,0,1,0,0
2011/8/15,깵,19,0,0,0,0,2,0,0
2011/8/16,괉,17,0,0,0,0,3,0,0
2011/8/17,낸,5,0,0,0,0,4,0,0
2011/8/18,뒞,11,0,0,0,0,5,0,0
2011/8/19,,16,0,0,0,0,6,0,0
2011/8/20,늧,16,0,0,1,1,7,1,1
2011/8/21,,13,0,0,1,0,1,1,0
2011/8/22,깵,13,0,0,0,0,2,0,0
2011/8/23,괉,13,0,0,0,0,3,0,0
2011/8/24,낸,8,0,0,0,0,4,0,0
2011/8/25,뒞,9,0,0,0,0,5,0,0
2011/8/26,,22,0,0,0,0,6,0,0
2011/8/27,늧,23,0,0,1,1,7,1,1
2011/8/28,,25,0,0,1,1,1,1,1
2011/8/29,깵,24,0,0,0,0,2,0,0
2011/8/30,괉,21,0,0,0,0,3,0,0
2011/8/31,낸,21,0,0,1,1,4,1,1
2011/9/1,뒞,14,0,0,1,1,5,1,1
2011/9/2,,6,0,0,1,1,6,1,1
2011/9/3,늧,14,0,0,2,1,7,2,1
2011/9/4,,11,0,0,1,1,1,1,1
2011/9/5,깵,9,0,0,0,0,2,0,0
2011/9/6,괉,10,0,0,0,0,3,0,0
2011/9/7,낸,6,0,0,0,0,4,0,0
2011/9/8,뒞,10,0,0,0,0,5,0,0
2011/9/9,,7,0,0,0,0,6,0,0
2011/9/10,늧,15,0,0,1,1,7,1,1
2011/9/11,,13,0,0,1,0,1,1,0
2011/9/12,깵,14,0,0,0,0,2,0,0
2011/9/13,괉,16,0,0,0,0,3,0,0
2011/9/14,낸,10,0,0,0,0,4,0,0
2011/9/15,뒞,11,0,0,0,0,5,0,0
2011/9/16,,14,0,0,0,0,6,0,0
2011/9/17,늧,21,0,0,2,1,7,2,1
2011/9/18,,19,0,0,2,2,1,2,2
2011/9/19,깵,18,0,0,1,1,2,1,1
2011/9/20,괉,21,0,0,0,0,3,0,0
2011/9/21,낸,12,0,0,0,0,4,0,0
2011/9/22,뒞,24,0,0,0,0,5,0,0
2011/9/23,,36,0,0,1,1,6,1,1
2011/9/24,늧,47,0,0,2,2,7,2,2
2011/9/25,,26,0,0,2,2,1,2,2
2011/9/26,깵,21,0,0,1,1,2,1,1
2011/9/27,괉,19,0,0,1,1,3,1,1
2011/9/28,낸,24,0,0,1,1,4,1,1
2011/9/29,뒞,26,0,0,1,1,5,1,1
2011/9/30,,29,0,0,1,1,6,1,1
2011/10/1,늧,26,0,0,2,1,7,2,1
2011/10/2,,27,0,0,1,1,1,1,1
2011/10/3,깵,20,0,0,1,-1,2,1,0
2011/10/4,괉,14,0,0,0,0,3,0,0
2011/10/5,낸,16,0,0,0,0,4,0,0
2011/10/6,뒞,15,0,0,0,0,5,0,0
2011/10/7,,15,0,0,0,0,6,0,0
2011/10/8,늧,21,0,0,2,1,7,2,1
2011/10/9,,21,0,0,2,1,1,2,1
2011/10/10,깵,17,0,0,1,0,2,1,0
2011/10/11,괉,9,0,0,0,0,3,0,0
2011/10/12,낸,10,0,0,0,0,4,0,0
2011/10/13,뒞,14,0,0,0,0,5,0,0
2011/10/14,,14,0,0,0,0,6,0,0
2011/10/15,늧,22,0,0,1,1,7,1,1
2011/10/16,,24,0,0,1,0,1,1,0
2011/10/17,깵,18,0,0,0,0,2,0,0
2011/10/18,괉,13,0,0,0,0,3,0,0
2011/10/19,낸,7,0,0,0,0,4,0,0
2011/10/20,뒞,13,0,0,0,0,5,0,0
2011/10/21,,18,0,0,0,0,6,0,0
2011/10/22,늧,17,0,0,1,1,7,1,1
2011/10/23,,21,0,0,1,1,1,1,1
2011/10/24,깵,14,0,0,0,0,2,0,0
2011/10/25,괉,17,0,0,0,0,3,0,0
2011/10/26,낸,23,0,0,0,0,4,0,0
2011/10/27,뒞,24,0,0,0,0,5,0,0
2011/10/28,,25,0,0,1,1,6,1,1
2011/10/29,늧,35,0,0,2,2,7,2,2
2011/10/30,,22,0,0,2,1,1,2,1
2011/10/31,깵,27,0,0,1,1,2,1,1
2011/11/1,괉,21,0,0,1,1,3,1,1
2011/11/2,낸,21,0,0,1,0,4,1,0
2011/11/3,뒞,22,0,0,2,1,5,2,1
2011/11/4,,22,0,0,1,1,6,1,1
2011/11/5,늧,28,0,0,1,0,7,1,0
2011/11/6,,10,0,0,1,0,1,1,0
2011/11/7,깵,14,0,0,0,0,2,0,0
2011/11/8,괉,17,0,0,0,0,3,0,0
2011/11/9,낸,11,0,0,0,0,4,0,0
2011/11/10,뒞,12,0,0,0,0,5,0,0
2011/11/11,,25,0,0,0,0,6,0,0
2011/11/12,늧,27,0,0,1,1,7,1,1
2011/11/13,,21,0,0,0,0,1,0,0
2011/11/14,깵,13,0,0,0,0,2,0,0
2011/11/15,괉,11,0,0,0,0,3,0,0
2011/11/16,낸,19,0,0,0,0,4,0,0
2011/11/17,뒞,11,0,0,0,0,5,0,0
2011/11/18,,11,0,0,0,0,6,0,0
2011/11/19,늧,15,0,0,1,1,7,1,1
2011/11/20,,29,0,0,1,0,1,1,0
2011/11/21,깵,18,0,0,0,0,2,0,0
2011/11/22,괉,14,0,0,0,0,3,0,0
2011/11/23,낸,12,0,0,0,0,4,0,0
2011/11/24,뒞,21,0,0,0,0,5,0,0
2011/11/25,,30,0,0,1,1,6,1,1
2011/11/26,늧,31,0,0,2,1,7,2,1
2011/11/27,,32,0,0,1,1,1,1,1
2011/11/28,깵,27,0,0,0,0,2,0,0
2011/11/29,괉,20,0,0,0,0,3,0,0
2011/11/30,낸,20,0,0,1,1,4,1,1
2011/12/1,뒞,15,0,0,1,1,5,1,1
2011/12/2,,17,0,0,1,1,6,1,1
2011/12/3,늧,32,0,0,2,1,7,2,1
2011/12/4,,17,0,0,1,1,1,1,1
2011/12/5,깵,11,0,0,0,0,2,0,0
2011/12/6,괉,12,0,0,0,0,3,0,0
2011/12/7,낸,13,0,0,0,0,4,0,0
2011/12/8,뒞,8,0,0,0,0,5,0,0
2011/12/9,,14,0,0,0,0,6,0,0
2011/12/10,늧,31,0,0,1,1,7,1,1
2011/12/11,,22,0,0,1,1,1,1,1
2011/12/12,깵,19,0,0,0,0,2,0,0
2011/12/13,괉,14,0,0,0,0,3,0,0
2011/12/14,낸,15,0,0,0,0,4,0,0
2011/12/15,뒞,17,0,0,0,0,5,0,0
2011/12/16,,25,0,0,0,0,6,0,0
2011/12/17,늧,35,0,0,1,1,7,1,1
2011/12/18,,30,0,0,1,1,1,1,1
2011/12/19,깵,30,0,0,1,0,2,1,0
2011/12/20,괉,30,0,0,0,0,3,0,0
2011/12/21,낸,28,0,0,0,0,4,0,0
2011/12/22,뒞,32,0,0,1,1,5,1,1
2011/12/23,,36,0,0,2,1,6,2,1
2011/12/24,늧,30,0,0,2,2,7,2,2
2011/12/25,,22,0,0,1,1,1,1,1
2011/12/26,깵,31,0,0,1,0,2,1,0
2011/12/27,괉,30,0,0,1,0,3,1,0
2011/12/28,낸,23,0,0,1,0,4,1,0
2011/12/29,뒞,26,0,0,1,0,5,1,0
2011/12/30,,15,0,0,1,3,6,1,3
2011/12/31,늧,0,0,1,-1,-1,7,1,1
2012/1/1,,0,0,1,-1,-1,1,1,1
2012/1/2,깵,0,0,1,-1,-1,2,0,0
2012/1/3,괉,0,0,1,-1,-1,3,0,0
2012/1/4,낸,12,0,0,0,0,4,0,0
2012/1/5,뒞,9,0,0,0,0,5,0,0
2012/1/6,,8,0,0,0,0,6,0,0
2012/1/7,늧,29,0,0,0,0,7,0,0
2012/1/8,,23,0,0,0,0,1,0,0
2012/1/9,깵,9,0,0,0,0,2,0,0
2012/1/10,괉,10,0,0,0,0,3,0,0
2012/1/11,낸,10,0,0,0,0,4,0,0
2012/1/12,뒞,7,0,0,0,0,5,0,0
2012/1/13,,9,0,0,0,0,6,0,0
2012/1/14,늧,24,0,0,0,1,7,0,1
2012/1/15,,21,0,0,0,0,1,0,0
2012/1/16,깵,18,0,0,0,0,2,0,0
2012/1/17,괉,18,0,0,0,0,3,0,0
2012/1/18,낸,17,0,0,0,0,4,0,0
2012/1/19,뒞,13,0,0,0,0,5,0,0
2012/1/20,,18,0,0,0,0,6,0,0
2012/1/21,늧,30,0,0,1,0,7,1,0
2012/1/22,,28,0,0,1,0,1,1,0
2012/1/23,깵,18,0,0,0,0,2,0,0
2012/1/24,괉,17,0,0,0,0,3,0,0
2012/1/25,낸,20,0,0,0,0,4,0,0
2012/1/26,뒞,16,0,0,0,0,5,0,0
2012/1/27,,30,0,0,1,1,6,1,1
2012/1/28,늧,32,0,0,2,1,7,2,1
2012/1/29,,26,0,0,2,1,1,2,1
2012/1/30,깵,33,0,0,1,0,2,1,0
2012/1/31,괉,29,0,0,1,1,3,1,1
2012/2/1,낸,27,0,0,1,1,4,1,1
2012/2/2,뒞,17,0,0,1,0,5,1,0
2012/2/3,,19,0,0,0,0,6,0,0
2012/2/4,늧,33,0,0,2,1,7,2,1
2012/2/5,,19,0,0,1,1,1,1,1
2012/2/6,깵,23,0,0,0,0,2,0,0
2012/2/7,괉,18,0,0,0,0,3,0,0
2012/2/8,낸,22,0,0,0,0,4,0,0
2012/2/9,뒞,14,0,0,0,0,5,0,0
2012/2/10,,25,0,0,0,0,6,0,0
2012/2/11,늧,36,0,0,1,1,7,1,1
2012/2/12,,22,0,0,1,0,1,1,0
2012/2/13,깵,23,0,0,0,0,2,0,0
2012/2/14,괉,18,0,0,0,0,3,0,0
2012/2/15,낸,23,0,0,0,0,4,0,0
2012/2/16,뒞,22,0,0,0,0,5,0,0
2012/2/17,,25,0,0,0,0,6,0,0
2012/2/18,늧,33,0,0,2,1,7,2,1
2012/2/19,,31,0,0,1,1,1,1,1
2012/2/20,깵,26,0,0,1,0,2,1,0
2012/2/21,괉,24,0,0,0,0,3,0,0
2012/2/22,낸,32,0,0,0,0,4,0,0
2012/2/23,뒞,29,0,0,1,0,5,1,0
2012/2/24,,43,0,0,1,1,6,1,1
2012/2/25,늧,49,0,0,3,2,7,3,2
2012/2/26,,47,0,0,2,1,1,2,1
2012/2/27,깵,41,0,0,1,1,2,1,1
2012/2/28,괉,40,0,0,1,1,3,1,1
2012/2/29,낸,39,0,0,2,1,4,2,1
2012/3/1,뒞,36,0,0,1,1,5,1,1
2012/3/2,,45,0,0,1,1,6,1,1
2012/3/3,늧,37,0,0,2,1,7,2,1
2012/3/4,,30,0,0,1,1,1,1,1
2012/3/5,깵,29,0,0,0,0,2,0,0
2012/3/6,괉,30,0,0,0,0,3,0,0
2012/3/7,낸,38,0,0,0,0,4,0,0
2012/3/8,뒞,32,0,0,0,0,5,0,0
2012/3/9,,33,0,0,0,0,6,0,0
2012/3/10,늧,30,0,0,2,1,7,2,1
2012/3/11,,28,0,0,1,1,1,1,1
2012/3/12,깵,31,0,0,0,0,2,0,0
2012/3/13,괉,35,0,0,0,0,3,0,0
2012/3/14,낸,30,0,0,1,0,4,1,0
2012/3/15,뒞,36,0,0,1,1,5,1,1
2012/3/16,,50,0,0,2,2,6,2,2
2012/3/17,늧,58,0,0,3,3,7,3,3
2012/3/18,,45,0,0,3,2,1,3,2
2012/3/19,깵,48,0,0,2,2,2,2,2
2012/3/20,괉,51,0,0,3,2,3,3,2
2012/3/21,낸,60,0,0,2,2,4,2,2
2012/3/22,뒞,49,0,0,3,2,5,3,2
2012/3/23,,47,0,0,4,3,6,4,3
2012/3/24,늧,55,0,0,5,4,7,5,4
2012/3/25,,49,0,0,4,5,1,4,5
2012/3/26,깵,69,0,0,3,2,2,3,2
2012/3/27,괉,88,0,0,3,2,3,3,2
2012/3/28,낸,66,0,0,2,2,4,2,2
2012/3/29,뒞,63,0,0,4,2,5,4,2
2012/3/30,,69,0,0,4,4,6,4,4
2012/3/31,늧,63,0,0,5,5,7,5,5
2012/4/1,,36,0,0,5,4,1,5,4
2012/4/2,깵,45,0,0,2,3,2,2,3
2012/4/3,괉,36,0,0,2,1,3,2,1
2012/4/4,낸,32,0,0,1,1,4,1,1
2012/4/5,뒞,43,0,0,1,0,5,1,0
2012/4/6,,36,0,0,0,0,6,0,0
2012/4/7,늧,39,0,0,4,3,7,4,3
2012/4/8,,33,0,0,2,2,1,2,2
2012/4/9,깵,33,0,0,0,0,2,0,0
2012/4/10,괉,32,0,0,0,0,3,0,0
2012/4/11,낸,20,0,0,0,0,4,0,0
2012/4/12,뒞,25,0,0,0,0,5,0,0
2012/4/13,,34,0,0,0,0,6,0,0
2012/4/14,늧,43,0,0,2,2,7,2,2
2012/4/15,,40,0,0,1,2,1,1,2
2012/4/16,깵,27,0,0,0,0,2,0,0
2012/4/17,괉,21,0,0,0,0,3,0,0
2012/4/18,낸,21,0,0,0,0,4,0,0
2012/4/19,뒞,21,0,0,0,0,5,0,0
2012/4/20,,25,0,0,0,0,6,0,0
2012/4/21,늧,29,0,0,2,2,7,2,2
2012/4/22,,28,0,0,1,1,1,1,1
2012/4/23,깵,32,0,0,1,0,2,1,0
2012/4/24,괉,27,0,0,0,0,3,0,0
2012/4/25,낸,35,0,0,0,0,4,0,0
2012/4/26,뒞,29,0,0,0,0,5,0,0
2012/4/27,,32,0,0,1,1,6,1,1
2012/4/28,늧,43,0,0,2,2,7,2,2
2012/4/29,,54,0,0,3,2,1,3,2
2012/4/30,깵,39,0,0,2,1,2,2,1
2012/5/1,괉,31,0,0,0,0,3,0,0
2012/5/2,낸,30,0,0,0,0,4,0,0
2012/5/3,뒞,27,0,0,1,1,5,1,1
2012/5/4,,27,0,0,2,2,6,2,2
2012/5/5,늧,16,0,0,1,0,7,1,0
2012/5/6,,12,0,0,0,0,1,0,0
2012/5/7,깵,21,0,0,0,0,2,0,0
2012/5/8,괉,22,0,0,0,0,3,0,0
2012/5/9,낸,19,0,0,0,0,4,0,0
2012/5/10,뒞,16,0,0,0,0,5,0,0
2012/5/11,,19,0,0,0,0,6,0,0
2012/5/12,늧,32,0,0,1,1,7,1,1
2012/5/13,,26,0,0,1,0,1,1,0
2012/5/14,깵,22,0,0,0,0,2,0,0
2012/5/15,괉,21,0,0,0,0,3,0,0
2012/5/16,낸,11,0,0,0,0,4,0,0
2012/5/17,뒞,14,0,0,0,0,5,0,0
2012/5/18,,19,0,0,0,0,6,0,0
2012/5/19,늧,33,0,0,1,1,7,1,1
2012/5/20,,25,0,0,1,0,1,1,0
2012/5/21,깵,15,0,0,0,0,2,0,0
2012/5/22,괉,21,0,0,0,0,3,0,0
2012/5/23,낸,19,0,0,0,0,4,0,0
2012/5/24,뒞,23,0,0,0,0,5,0,0
2012/5/25,,32,0,0,1,0,6,1,0
2012/5/26,늧,39,0,0,2,1,7,2,1
2012/5/27,,32,0,0,1,1,1,1,1
2012/5/28,깵,30,0,0,1,0,2,1,0
2012/5/29,괉,33,0,0,0,0,3,0,0
2012/5/30,낸,27,0,0,1,0,4,1,0
2012/5/31,뒞,35,0,0,1,1,5,1,1
2012/6/1,,30,0,0,0,0,6,0,0
2012/6/2,늧,36,0,0,1,1,7,1,1
2012/6/3,,28,0,0,1,1,1,1,1
2012/6/4,깵,22,0,0,0,0,2,0,0
2012/6/5,괉,23,0,0,0,0,3,0,0
2012/6/6,낸,13,0,0,0,0,4,0,0
2012/6/7,뒞,13,0,0,0,0,5,0,0
2012/6/8,,12,0,0,0,0,6,0,0
2012/6/9,늧,38,0,0,1,1,7,1,1
2012/6/10,,17,0,0,1,0,1,1,0
2012/6/11,깵,22,0,0,0,0,2,0,0
2012/6/12,괉,12,0,0,0,0,3,0,0
2012/6/13,낸,22,0,0,0,0,4,0,0
2012/6/14,뒞,20,0,0,0,0,5,0,0
2012/6/15,,20,0,0,0,0,6,0,0
2012/6/16,늧,42,0,0,1,1,7,1,1
2012/6/17,,22,0,0,1,0,1,1,0
2012/6/18,깵,23,0,0,0,0,2,0,0
2012/6/19,괉,19,0,0,0,0,3,0,0
2012/6/20,낸,21,0,0,0,0,4,0,0
2012/6/21,뒞,20,0,0,0,0,5,0,0
2012/6/22,,32,0,0,0,0,6,0,0
2012/6/23,늧,38,0,0,2,1,7,2,1
2012/6/24,,34,0,0,1,1,1,1,1
2012/6/25,깵,31,0,0,0,0,2,0,0
2012/6/26,괉,33,0,0,1,0,3,1,0
2012/6/27,낸,31,0,0,0,0,4,0,0
2012/6/28,뒞,42,0,0,1,0,5,1,0
2012/6/29,,52,0,0,1,1,6,1,1
2012/6/30,늧,55,0,0,2,2,7,2,2
2012/7/1,,45,0,0,2,1,1,2,1
2012/7/2,깵,31,0,0,1,1,2,1,1
2012/7/3,괉,12,0,0,1,0,3,1,0
2012/7/4,낸,19,0,0,0,0,4,0,0
2012/7/5,뒞,16,0,0,0,0,5,0,0
2012/7/6,,23,0,0,0,0,6,0,0
2012/7/7,늧,34,0,0,1,1,7,1,1
2012/7/8,,20,0,0,1,1,1,1,1
2012/7/9,깵,17,0,0,0,0,2,0,0
2012/7/10,괉,9,0,0,0,0,3,0,0
2012/7/11,낸,21,0,0,0,0,4,0,0
2012/7/12,뒞,21,0,0,0,0,5,0,0
2012/7/13,,23,0,0,0,0,6,0,0
2012/7/14,늧,38,0,0,2,1,7,2,1
2012/7/15,,38,0,0,2,1,1,2,1
2012/7/16,깵,25,0,0,1,0,2,1,0
2012/7/17,괉,24,0,0,0,0,3,0,0
2012/7/18,낸,11,0,0,0,0,4,0,0
2012/7/19,뒞,19,0,0,0,0,5,0,0
2012/7/20,,24,0,0,0,0,6,0,0
2012/7/21,늧,37,0,0,1,1,7,1,1
2012/7/22,,23,0,0,1,1,1,1,1
2012/7/23,깵,27,0,0,0,0,2,0,0
2012/7/24,괉,31,0,0,1,0,3,1,0
2012/7/25,낸,17,0,0,0,0,4,0,0
2012/7/26,뒞,22,0,0,0,0,5,0,0
2012/7/27,,25,0,0,1,1,6,1,1
2012/7/28,늧,48,0,0,3,2,7,3,2
2012/7/29,,43,0,0,2,1,1,2,1
2012/7/30,깵,31,0,0,1,1,2,1,1
2012/7/31,괉,42,0,0,1,1,3,1,1
2012/8/1,낸,41,0,0,0,0,4,0,0
2012/8/2,뒞,30,0,0,0,0,5,0,0
2012/8/3,,29,0,0,0,0,6,0,0
2012/8/4,늧,31,0,0,1,1,7,1,1
2012/8/5,,34,0,0,1,1,1,1,1
2012/8/6,깵,21,0,0,0,0,2,0,0
2012/8/7,괉,21,0,0,0,0,3,0,0
2012/8/8,낸,22,0,0,0,0,4,0,0
2012/8/9,뒞,12,0,0,0,0,5,0,0
2012/8/10,,25,0,0,0,0,6,0,0
2012/8/11,늧,29,0,0,1,1,7,1,1
2012/8/12,,14,0,0,0,0,1,0,0
2012/8/13,깵,29,0,0,0,0,2,0,0
2012/8/14,괉,23,0,0,0,0,3,0,0
2012/8/15,낸,19,0,0,0,0,4,0,0
2012/8/16,뒞,16,0,0,0,0,5,0,0
2012/8/17,,29,0,0,0,0,6,0,0
2012/8/18,늧,22,0,0,1,1,7,1,1
2012/8/19,,23,0,0,1,0,1,1,0
2012/8/20,깵,25,0,0,0,0,2,0,0
2012/8/21,괉,19,0,0,0,0,3,0,0
2012/8/22,낸,21,0,0,0,0,4,0,0
2012/8/23,뒞,26,0,0,0,0,5,0,0
2012/8/24,,23,0,0,1,0,6,1,0
2012/8/25,늧,31,0,0,2,1,7,2,1
2012/8/26,,37,0,0,1,1,1,1,1
2012/8/27,깵,36,0,0,0,0,2,0,0
2012/8/28,괉,27,0,0,1,1,3,1,1
2012/8/29,낸,30,0,0,0,0,4,0,0
2012/8/30,뒞,38,0,0,1,0,5,1,0
2012/8/31,,28,0,0,1,1,6,1,1
2012/9/1,늧,44,0,0,2,1,7,2,1
2012/9/2,,40,0,0,1,1,1,1,1
2012/9/3,깵,35,0,0,1,0,2,1,0
2012/9/4,괉,13,0,0,0,0,3,0,0
2012/9/5,낸,15,0,0,0,0,4,0,0
2012/9/6,뒞,19,0,0,0,0,5,0,0
2012/9/7,,23,0,0,0,0,6,0,0
2012/9/8,늧,18,0,0,1,1,7,1,1
2012/9/9,,33,0,0,1,1,1,1,1
2012/9/10,깵,28,0,0,0,0,2,0,0
2012/9/11,괉,22,0,0,0,0,3,0,0
2012/9/12,낸,26,0,0,0,0,4,0,0
2012/9/13,뒞,26,0,0,0,0,5,0,0
2012/9/14,,25,0,0,0,0,6,0,0
2012/9/15,늧,36,0,0,2,1,7,2,1
2012/9/16,,45,0,0,2,2,1,2,2
2012/9/17,깵,26,0,0,1,0,2,1,0
2012/9/18,괉,34,0,0,1,0,3,1,0
2012/9/19,낸,24,0,0,1,0,4,1,0
2012/9/20,뒞,28,0,0,1,0,5,1,0
2012/9/21,,36,0,0,1,0,6,1,0
2012/9/22,늧,49,0,0,2,1,7,2,1
2012/9/23,,51,0,0,1,1,1,1,1
2012/9/24,깵,69,0,0,1,0,2,1,0
2012/9/25,괉,32,0,0,1,1,3,1,1
2012/9/26,낸,45,0,0,0,0,4,0,0
2012/9/27,뒞,40,0,0,1,0,5,1,0
2012/9/28,,49,0,0,1,1,6,1,1
2012/9/29,늧,53,0,0,3,2,7,3,2
2012/9/30,,52,0,0,2,2,1,2,2
2012/10/1,깵,56,0,0,1,1,2,1,1
2012/10/2,괉,33,0,0,1,0,3,1,0
2012/10/3,낸,22,0,0,0,0,4,0,0
2012/10/4,뒞,26,0,0,0,0,5,0,0
2012/10/5,,37,0,0,0,0,6,0,0
2012/10/6,늧,35,0,0,2,1,7,2,1
2012/10/7,,39,0,0,2,2,1,2,2
2012/10/8,깵,29,0,0,1,0,2,1,0
2012/10/9,괉,25,0,0,0,0,3,0,0
2012/10/10,낸,19,0,0,0,0,4,0,0
2012/10/11,뒞,16,0,0,0,0,5,0,0
2012/10/12,,28,0,0,0,0,6,0,0
2012/10/13,늧,40,0,0,1,1,7,1,1
2012/10/14,,35,0,0,1,0,1,1,0
2012/10/15,깵,22,0,0,0,0,2,0,0
2012/10/16,괉,14,0,0,0,0,3,0,0
2012/10/17,낸,21,0,0,0,0,4,0,0
2012/10/18,뒞,16,0,0,0,0,5,0,0
2012/10/19,,35,0,0,0,0,6,0,0
2012/10/20,늧,46,0,0,1,1,7,1,1
2012/10/21,,29,0,0,1,0,1,1,0
2012/10/22,깵,27,0,0,0,0,2,0,0
2012/10/23,괉,20,0,0,0,0,3,0,0
2012/10/24,낸,33,0,0,0,0,4,0,0
2012/10/25,뒞,31,0,0,0,0,5,0,0
2012/10/26,,38,0,0,1,0,6,1,0
2012/10/27,늧,58,0,0,2,1,7,2,1
2012/10/28,,50,0,0,1,1,1,1,1
2012/10/29,깵,50,0,0,1,1,2,1,1
2012/10/30,괉,51,0,0,0,0,3,0,0
2012/10/31,낸,49,0,0,1,1,4,1,1
2012/11/1,뒞,34,0,0,0,0,5,0,0
2012/11/2,,27,0,0,0,0,6,0,0
2012/11/3,늧,43,0,0,2,1,7,2,1
2012/11/4,,35,0,0,1,1,1,1,1
2012/11/5,깵,25,0,0,0,0,2,0,0
2012/11/6,괉,26,0,0,0,0,3,0,0
2012/11/7,낸,21,0,0,0,0,4,0,0
2012/11/8,뒞,14,0,0,0,0,5,0,0
2012/11/9,,27,0,0,0,0,6,0,0
2012/11/10,늧,37,0,0,1,1,7,1,1
2012/11/11,,26,0,0,0,0,1,0,0
2012/11/12,깵,21,0,0,0,0,2,0,0
2012/11/13,괉,22,0,0,0,0,3,0,0
2012/11/14,낸,12,0,0,0,0,4,0,0
2012/11/15,뒞,33,0,0,0,0,5,0,0
2012/11/16,,26,0,0,0,0,6,0,0
2012/11/17,늧,38,0,0,1,1,7,1,1
2012/11/18,,39,0,0,1,0,1,1,0
2012/11/19,깵,25,0,0,0,0,2,0,0
2012/11/20,괉,28,0,0,0,0,3,0,0
2012/11/21,낸,38,0,0,0,0,4,0,0
2012/11/22,뒞,45,0,0,0,0,5,0,0
2012/11/23,,49,0,0,2,1,6,2,1
2012/11/24,늧,42,0,0,2,1,7,2,1
2012/11/25,,46,0,0,1,1,1,1,1
2012/11/26,깵,40,0,0,0,0,2,0,0
2012/11/27,괉,32,0,0,1,0,3,1,0
2012/11/28,낸,43,0,0,0,0,4,0,0
2012/11/29,뒞,44,0,0,0,0,5,0,0
2012/11/30,,49,0,0,1,1,6,1,1
2012/12/1,늧,45,0,0,2,1,7,2,1
2012/12/2,,37,0,0,1,1,1,1,1
2012/12/3,깵,40,0,0,0,0,2,0,0
2012/12/4,괉,17,0,0,0,0,3,0,0
2012/12/5,낸,26,0,0,0,0,4,0,0
2012/12/6,뒞,16,0,0,0,0,5,0,0
2012/12/7,,19,0,0,0,0,6,0,0
2012/12/8,늧,44,0,0,1,1,7,1,1
2012/12/9,,35,0,0,1,0,1,1,0
2012/12/10,깵,39,0,0,0,0,2,0,0
2012/12/11,괉,22,0,0,0,0,3,0,0
2012/12/12,낸,27,0,0,0,0,4,0,0
2012/12/13,뒞,34,0,0,0,0,5,0,0
2012/12/14,,37,0,0,0,0,6,0,0
2012/12/15,늧,50,0,0,1,1,7,1,1
2012/12/16,,49,0,0,1,0,1,1,0
2012/12/17,깵,43,0,0,0,0,2,0,0
2012/12/18,괉,41,0,0,0,0,3,0,0
2012/12/19,낸,39,0,0,0,0,4,0,0
2012/12/20,뒞,50,0,0,0,0,5,0,0
2012/12/21,,45,0,0,0,0,6,0,0
2012/12/22,늧,49,0,0,2,1,7,2,1
2012/12/23,,46,0,0,2,3,1,2,3
2012/12/24,깵,44,0,0,1,0,2,1,0
2012/12/25,괉,43,0,0,1,1,3,1,1
2012/12/26,낸,55,0,0,0,0,4,0,0
2012/12/27,뒞,48,0,0,1,0,5,1,0
2012/12/28,,41,0,0,1,1,6,1,1
2012/12/29,늧,33,0,0,2,2,7,2,2
2012/12/30,,23,0,0,1,2,1,1,2
2012/12/31,깵,0,0,1,-1,-1,2,0,0
2013/1/1,괉,0,0,1,-1,-1,3,0,0
2013/1/2,낸,0,0,1,-1,-1,4,0,0
2013/1/3,뒞,0,0,1,-1,-1,5,0,0
2013/1/4,,38,0,0,0,0,6,0,0
2013/1/5,늧,26,0,0,0,0,7,0,0
2013/1/6,,24,0,0,0,0,1,0,0
2013/1/7,깵,22,0,0,0,0,2,0,0
2013/1/8,괉,12,0,0,0,0,3,0,0
2013/1/9,낸,18,0,0,0,0,4,0,0
2013/1/10,뒞,19,0,0,0,0,5,0,0
2013/1/11,,27,0,0,0,0,6,0,0
2013/1/12,늧,39,0,0,1,0,7,1,0
2013/1/13,,50,0,0,0,0,1,0,0
2013/1/14,깵,16,0,0,0,0,2,0,0
2013/1/15,괉,31,0,0,0,0,3,0,0
2013/1/16,낸,33,0,0,0,0,4,0,0
2013/1/17,뒞,27,0,0,0,0,5,0,0
2013/1/18,,26,0,0,0,0,6,0,0
2013/1/19,늧,56,0,0,1,1,7,1,1
2013/1/20,,43,0,0,1,0,1,1,0
2013/1/21,깵,38,0,0,0,0,2,0,0
2013/1/22,괉,21,0,0,0,0,3,0,0
2013/1/23,낸,37,0,0,0,0,4,0,0
2013/1/24,뒞,29,0,0,0,0,5,0,0
2013/1/25,,43,0,0,1,0,6,1,0
2013/1/26,늧,56,0,0,2,1,7,2,1
2013/1/27,,50,0,0,1,1,1,1,1
2013/1/28,깵,42,0,0,1,0,2,1,0
2013/1/29,괉,42,0,0,1,0,3,1,0
2013/1/30,낸,45,0,0,1,0,4,1,0
2013/1/31,뒞,39,0,0,2,1,5,2,1
2013/2/1,,48,0,0,1,1,6,1,1
2013/2/2,늧,48,0,0,2,1,7,2,1
2013/2/3,,41,0,0,1,1,1,1,1
2013/2/4,깵,30,0,0,1,0,2,1,0
2013/2/5,괉,29,0,0,1,0,3,1,0
2013/2/6,낸,21,0,0,0,0,4,0,0
2013/2/7,뒞,25,0,0,0,0,5,0,0
2013/2/8,,40,0,0,1,0,6,1,0
2013/2/9,늧,36,0,0,2,1,7,2,1
2013/2/10,,44,0,0,2,2,1,2,2
2013/2/11,깵,38,0,0,0,0,2,0,0
2013/2/12,괉,43,0,0,0,0,3,0,0
2013/2/13,낸,39,0,0,0,0,4,0,0
2013/2/14,뒞,43,0,0,0,0,5,0,0
2013/2/15,,46,0,0,0,0,6,0,0
2013/2/16,늧,52,0,0,1,1,7,1,1
2013/2/17,,47,0,0,1,0,1,1,0
2013/2/18,깵,41,0,0,0,0,2,0,0
2013/2/19,괉,36,0,0,0,0,3,0,0
2013/2/20,낸,43,0,0,0,0,4,0,0
2013/2/21,뒞,37,0,0,0,0,5,0,0
2013/2/22,,52,0,0,1,1,6,1,1
2013/2/23,늧,56,0,0,3,2,7,3,2
2013/2/24,,58,0,0,2,1,1,2,1
2013/2/25,깵,66,0,0,1,1,2,1,1
2013/2/26,괉,61,0,0,1,1,3,1,1
2013/2/27,낸,60,0,0,1,1,4,1,1
2013/2/28,뒞,66,0,0,2,1,5,2,1
2013/3/1,,55,0,0,1,1,6,1,1
2013/3/2,늧,58,0,0,2,1,7,2,1
2013/3/3,,46,0,0,1,1,1,1,1
2013/3/4,깵,50,0,0,0,0,2,0,0
2013/3/5,괉,43,0,0,0,0,3,0,0
2013/3/6,낸,34,0,0,0,0,4,0,0
2013/3/7,뒞,40,0,0,0,0,5,0,0
2013/3/8,,46,0,0,0,0,6,0,0
2013/3/9,늧,45,0,0,1,1,7,1,1
2013/3/10,,50,0,0,1,1,1,1,1
2013/3/11,깵,50,0,0,0,0,2,0,0
2013/3/12,괉,53,0,0,0,0,3,0,0
2013/3/13,낸,49,0,0,0,0,4,0,0
2013/3/14,뒞,43,0,0,0,0,5,0,0
2013/3/15,,73,0,0,2,1,6,2,1
2013/3/16,늧,66,0,0,3,2,7,3,2
2013/3/17,,59,0,0,2,2,1,2,2
2013/3/18,깵,73,0,0,2,2,2,2,2
2013/3/19,괉,68,0,0,2,2,3,2,2
2013/3/20,낸,74,0,0,5,4,4,5,4
2013/3/21,뒞,71,0,0,5,4,5,5,4
2013/3/22,,65,0,0,4,3,6,4,3
2013/3/23,늧,60,0,0,5,4,7,5,4
2013/3/24,,66,0,0,4,3,1,4,3
2013/3/25,깵,76,0,0,3,3,2,3,3
2013/3/26,괉,81,0,0,3,3,3,3,3
2013/3/27,낸,74,0,0,4,3,4,4,3
2013/3/28,뒞,83,0,0,4,4,5,4,4
2013/3/29,,71,0,0,4,4,6,4,4
2013/3/30,늧,84,0,0,5,5,7,5,5
2013/3/31,,69,0,0,5,4,1,5,4
2013/4/1,깵,67,0,0,4,2,2,4,2
2013/4/2,괉,55,0,0,2,1,3,2,1
2013/4/3,낸,59,0,0,2,0,4,2,0
2013/4/4,뒞,42,0,0,1,0,5,1,0
2013/4/5,,43,0,0,0,0,6,0,0
2013/4/6,늧,60,0,0,3,2,7,3,2
2013/4/7,,55,0,0,2,1,1,2,1
2013/4/8,깵,41,0,0,0,0,2,0,0
2013/4/9,괉,36,0,0,0,0,3,0,0
2013/4/10,낸,41,0,0,0,0,4,0,0
2013/4/11,뒞,27,0,0,0,0,5,0,0
2013/4/12,,43,0,0,0,0,6,0,0
2013/4/13,늧,43,0,0,2,2,7,2,2
2013/4/14,,49,0,0,2,1,1,2,1
2013/4/15,깵,44,0,0,0,0,2,0,0
2013/4/16,괉,29,0,0,0,0,3,0,0
2013/4/17,낸,7,0,0,0,0,4,0,0
2013/4/18,뒞,29,0,0,0,0,5,0,0
2013/4/19,,36,0,0,0,0,6,0,0
2013/4/20,늧,46,0,0,2,1,7,2,1
2013/4/21,,44,0,0,1,0,1,1,0
2013/4/22,깵,33,0,0,0,0,2,0,0
2013/4/23,괉,36,0,0,0,0,3,0,0
2013/4/24,낸,37,0,0,0,0,4,0,0
2013/4/25,뒞,47,0,0,0,0,5,0,0
2013/4/26,,42,0,0,1,1,6,1,1
2013/4/27,늧,52,0,0,2,2,7,2,2
2013/4/28,,66,0,0,2,1,1,2,1
2013/4/29,깵,59,0,0,1,0,2,1,0
2013/4/30,괉,56,0,0,2,1,3,2,1
2013/5/1,낸,47,0,0,0,0,4,0,0
2013/5/2,뒞,27,0,0,0,0,5,0,0
2013/5/3,,46,0,0,1,1,6,1,1
2013/5/4,늧,27,0,0,2,1,7,2,1
2013/5/5,,17,0,0,1,0,1,1,0
2013/5/6,깵,24,0,0,0,0,2,0,0
2013/5/7,괉,30,0,0,0,0,3,0,0
2013/5/8,낸,24,0,0,0,0,4,0,0
2013/5/9,뒞,17,0,0,0,0,5,0,0
2013/5/10,,26,0,0,0,0,6,0,0
2013/5/11,늧,44,0,0,1,1,7,1,1
2013/5/12,,38,0,0,0,0,1,0,0
2013/5/13,깵,32,0,0,0,0,2,0,0
2013/5/14,괉,22,0,0,0,0,3,0,0
2013/5/15,낸,24,0,0,0,0,4,0,0
2013/5/16,뒞,29,0,0,0,0,5,0,0
2013/5/17,,38,0,0,1,0,6,1,0
2013/5/18,늧,47,0,0,1,1,7,1,1
2013/5/19,,52,0,0,1,0,1,1,0
2013/5/20,깵,37,0,0,0,0,2,0,0
2013/5/21,괉,23,0,0,0,0,3,0,0
2013/5/22,낸,22,0,0,0,0,4,0,0
2013/5/23,뒞,26,0,0,0,0,5,0,0
2013/5/24,,30,0,0,1,1,6,1,1
2013/5/25,늧,52,0,0,2,1,7,2,1
2013/5/26,,42,0,0,1,1,1,1,1
2013/5/27,깵,47,0,0,0,0,2,0,0
2013/5/28,괉,32,0,0,0,0,3,0,0
2013/5/29,낸,40,0,0,1,1,4,1,1
2013/5/30,뒞,42,0,0,1,0,5,1,0
2013/5/31,,54,0,0,1,1,6,1,1
2013/6/1,늧,57,0,0,2,1,7,2,1
2013/6/2,,42,0,0,1,1,1,1,1
2013/6/3,깵,31,0,0,0,0,2,0,0
2013/6/4,괉,18,0,0,0,0,3,0,0
2013/6/5,낸,18,0,0,0,0,4,0,0
2013/6/6,뒞,29,0,0,0,0,5,0,0
2013/6/7,,21,0,0,0,0,6,0,0
2013/6/8,늧,40,0,0,1,0,7,1,0
2013/6/9,,32,0,0,0,0,1,0,0
2013/6/10,깵,28,0,0,0,0,2,0,0
2013/6/11,괉,16,0,0,0,0,3,0,0
2013/6/12,낸,20,0,0,0,0,4,0,0
2013/6/13,뒞,29,0,0,0,0,5,0,0
2013/6/14,,28,0,0,0,0,6,0,0
2013/6/15,늧,53,0,0,1,1,7,1,1
2013/6/16,,43,0,0,0,0,1,0,0
2013/6/17,깵,36,0,0,0,0,2,0,0
2013/6/18,괉,24,0,0,0,0,3,0,0
2013/6/19,낸,20,0,0,0,0,4,0,0
2013/6/20,뒞,29,0,0,0,0,5,0,0
2013/6/21,,35,0,0,1,1,6,1,1
2013/6/22,늧,55,0,0,1,1,7,1,1
2013/6/23,,56,0,0,1,1,1,1,1
2013/6/24,깵,44,0,0,0,0,2,0,0
2013/6/25,괉,48,0,0,0,0,3,0,0
2013/6/26,낸,40,0,0,0,0,4,0,0
2013/6/27,뒞,53,0,0,1,1,5,1,1
2013/6/28,,61,0,0,1,1,6,1,1
2013/6/29,늧,84,0,0,2,2,7,2,2
2013/6/30,,77,0,0,1,1,1,1,1
2013/7/1,깵,37,0,0,1,1,2,1,1
2013/7/2,괉,27,0,0,0,0,3,0,0
2013/7/3,낸,38,0,0,0,0,4,0,0
2013/7/4,뒞,22,0,0,0,0,5,0,0
2013/7/5,,27,0,0,0,0,6,0,0
2013/7/6,늧,51,0,0,2,1,7,2,1
2013/7/7,,41,0,0,1,1,1,1,1
2013/7/8,깵,37,0,0,0,0,2,0,0
2013/7/9,괉,20,0,0,0,0,3,0,0
2013/7/10,낸,28,0,0,0,0,4,0,0
2013/7/11,뒞,19,0,0,0,0,5,0,0
2013/7/12,,29,0,0,0,0,6,0,0
2013/7/13,늧,50,0,0,2,1,7,2,1
2013/7/14,,45,0,0,2,2,1,2,2
2013/7/15,깵,45,0,0,1,0,2,1,0
2013/7/16,괉,47,0,0,0,0,3,0,0
2013/7/17,낸,24,0,0,0,0,4,0,0
2013/7/18,뒞,31,0,0,0,0,5,0,0
2013/7/19,,42,0,0,1,0,6,1,0
2013/7/20,늧,47,0,0,1,1,7,1,1
2013/7/21,,40,0,0,1,0,1,1,0
2013/7/22,깵,31,0,0,0,0,2,0,0
2013/7/23,괉,32,0,0,0,0,3,0,0
2013/7/24,낸,28,0,0,0,0,4,0,0
2013/7/25,뒞,48,0,0,1,0,5,1,0
2013/7/26,,51,0,0,1,1,6,1,1
2013/7/27,늧,53,0,0,2,2,7,2,2
2013/7/28,,57,0,0,2,1,1,2,1
2013/7/29,깵,53,0,0,0,0,2,0,0
2013/7/30,괉,57,0,0,1,1,3,1,1
2013/7/31,낸,52,0,0,2,1,4,2,1
2013/8/1,뒞,48,0,0,1,0,5,1,0
2013/8/2,,45,0,0,0,0,6,0,0
2013/8/3,늧,43,0,0,2,1,7,2,1
2013/8/4,,39,0,0,1,0,1,1,0
2013/8/5,깵,39,0,0,0,0,2,0,0
2013/8/6,괉,30,0,0,0,0,3,0,0
2013/8/7,낸,30,0,0,0,0,4,0,0
2013/8/8,뒞,27,0,0,0,0,5,0,0
2013/8/9,,30,0,0,0,0,6,0,0
2013/8/10,늧,43,0,0,1,1,7,1,1
2013/8/11,,49,0,0,1,0,1,1,0
2013/8/12,깵,0,0,1,-1,-1,2,0,0
2013/8/13,괉,39,0,0,0,0,3,0,0
2013/8/14,낸,30,0,0,0,0,4,0,0
2013/8/15,뒞,40,0,0,0,0,5,0,0
2013/8/16,,39,0,0,0,0,6,0,0
2013/8/17,늧,37,0,0,1,0,7,1,0
2013/8/18,,32,0,0,0,0,1,0,0
2013/8/19,깵,30,0,0,0,0,2,0,0
2013/8/20,괉,32,0,0,0,0,3,0,0
2013/8/21,낸,30,0,0,0,0,4,0,0
2013/8/22,뒞,37,0,0,0,0,5,0,0
2013/8/23,,39,0,0,0,0,6,0,0
2013/8/24,늧,61,0,0,1,1,7,1,1
2013/8/25,,52,0,0,1,1,1,1,1
2013/8/26,깵,44,0,0,0,0,2,0,0
2013/8/27,괉,46,0,0,0,0,3,0,0
2013/8/28,낸,49,0,0,0,0,4,0,0
2013/8/29,뒞,50,0,0,1,0,5,1,0
2013/8/30,,57,0,0,1,0,6,1,0
2013/8/31,늧,66,0,0,2,2,7,2,2
2013/9/1,,54,0,0,2,0,1,2,0
2013/9/2,깵,42,0,0,1,0,2,1,0
2013/9/3,괉,36,0,0,0,0,3,0,0
2013/9/4,낸,24,0,0,0,0,4,0,0
2013/9/5,뒞,25,0,0,0,0,5,0,0
2013/9/6,,23,0,0,0,0,6,0,0
2013/9/7,늧,38,0,0,1,1,7,1,1
2013/9/8,,34,0,0,1,1,1,1,1
2013/9/9,깵,38,0,0,0,0,2,0,0
2013/9/10,괉,33,0,0,0,0,3,0,0
2013/9/11,낸,21,0,0,0,0,4,0,0
2013/9/12,뒞,29,0,0,0,0,5,0,0
2013/9/13,,31,0,0,0,0,6,0,0
2013/9/14,늧,45,0,0,2,1,7,2,1
2013/9/15,,47,0,0,2,1,1,2,1
2013/9/16,깵,31,0,0,0,0,2,0,0
2013/9/17,괉,34,0,0,0,0,3,0,0
2013/9/18,낸,27,0,0,0,0,4,0,0
2013/9/19,뒞,33,0,0,0,0,5,0,0
2013/9/20,,50,0,0,0,0,6,0,0
2013/9/21,늧,60,0,0,2,1,7,2,1
2013/9/22,,60,0,0,2,2,1,2,2
2013/9/23,깵,46,0,0,1,1,2,1,1
2013/9/24,괉,63,0,0,0,0,3,0,0
2013/9/25,낸,53,0,0,0,0,4,0,0
2013/9/26,뒞,63,0,0,1,0,5,1,0
2013/9/27,,61,0,0,1,0,6,1,0
2013/9/28,늧,58,0,0,2,1,7,2,1
2013/9/29,,65,0,0,1,1,1,1,1
2013/9/30,깵,62,0,0,1,0,2,1,0
2013/10/1,괉,50,0,0,1,0,3,1,0
2013/10/2,낸,52,0,0,1,0,4,1,0
2013/10/3,뒞,36,0,0,0,0,5,0,0
2013/10/4,,40,0,0,0,0,6,0,0
2013/10/5,늧,45,0,0,1,1,7,1,1
2013/10/6,,39,0,0,1,0,1,1,0
2013/10/7,깵,35,0,0,0,0,2,0,0
2013/10/8,괉,22,0,0,0,0,3,0,0
2013/10/9,낸,28,0,0,0,0,4,0,0
2013/10/10,뒞,43,0,0,0,0,5,0,0
2013/10/11,,38,0,0,0,0,6,0,0
2013/10/12,늧,46,0,0,1,1,7,1,1
2013/10/13,,52,0,0,2,2,1,2,2
2013/10/14,깵,8,0,0,1,0,2,1,0
2013/10/15,괉,32,0,0,0,0,3,0,0
2013/10/16,낸,29,0,0,0,0,4,0,0
2013/10/17,뒞,31,0,0,0,0,5,0,0
2013/10/18,,32,0,0,0,0,6,0,0
2013/10/19,늧,43,0,0,2,1,7,2,1
2013/10/20,,48,0,0,1,1,1,1,1
2013/10/21,깵,28,0,0,0,0,2,0,0
2013/10/22,괉,35,0,0,0,0,3,0,0
2013/10/23,낸,36,0,0,0,0,4,0,0
2013/10/24,뒞,39,0,0,0,0,5,0,0
2013/10/25,,49,0,0,1,0,6,1,0
2013/10/26,늧,52,0,0,2,1,7,2,1
2013/10/27,,51,0,0,1,1,1,1,1
2013/10/28,깵,46,0,0,1,0,2,1,0
2013/10/29,괉,42,0,0,1,0,3,1,0
2013/10/30,낸,41,0,0,1,0,4,1,0
2013/10/31,뒞,44,0,0,1,1,5,1,1
2013/11/1,,48,0,0,1,0,6,1,0
2013/11/2,늧,44,0,0,2,1,7,2,1
2013/11/3,,37,0,0,1,2,1,1,2
2013/11/4,깵,33,0,0,0,0,2,0,0
2013/11/5,괉,36,0,0,0,0,3,0,0
2013/11/6,낸,26,0,0,0,0,4,0,0
2013/11/7,뒞,22,0,0,0,0,5,0,0
2013/11/8,,29,0,0,0,0,6,0,0
2013/11/9,늧,38,0,0,1,0,7,1,0
2013/11/10,,34,0,0,0,0,1,0,0
2013/11/11,깵,20,0,0,0,0,2,0,0
2013/11/12,괉,20,0,0,0,0,3,0,0
2013/11/13,낸,18,0,0,0,0,4,0,0
2013/11/14,뒞,30,0,0,0,0,5,0,0
2013/11/15,,25,0,0,0,0,6,0,0
2013/11/16,늧,52,0,0,1,1,7,1,1
2013/11/17,,35,0,0,0,0,1,0,0
2013/11/18,깵,26,0,0,0,0,2,0,0
2013/11/19,괉,21,0,0,0,0,3,0,0
2013/11/20,낸,33,0,0,0,0,4,0,0
2013/11/21,뒞,29,0,0,0,0,5,0,0
2013/11/22,,41,0,0,0,0,6,0,0
2013/11/23,늧,44,0,0,1,1,7,1,1
2013/11/24,,39,0,0,1,1,1,1,1
2013/11/25,깵,41,0,0,0,0,2,0,0
2013/11/26,괉,40,0,0,0,0,3,0,0
2013/11/27,낸,39,0,0,0,0,4,0,0
2013/11/28,뒞,39,0,0,1,1,5,1,1
2013/11/29,,48,0,0,1,1,6,1,1
2013/11/30,늧,47,0,0,2,2,7,2,2
2013/12/1,,39,0,0,2,1,1,2,1
2013/12/2,깵,38,0,0,1,0,2,1,0
2013/12/3,괉,37,0,0,1,0,3,1,0
2013/12/4,낸,23,0,0,0,0,4,0,0
2013/12/5,뒞,27,0,0,0,0,5,0,0
2013/12/6,,31,0,0,0,0,6,0,0
2013/12/7,늧,44,0,0,1,1,7,1,1
2013/12/8,,45,0,0,1,0,1,1,0
2013/12/9,깵,32,0,0,0,0,2,0,0
2013/12/10,괉,26,0,0,0,0,3,0,0
2013/12/11,낸,16,0,0,0,0,4,0,0
2013/12/12,뒞,21,0,0,0,0,5,0,0
2013/12/13,,41,0,0,0,0,6,0,0
2013/12/14,늧,46,0,0,1,1,7,1,1
2013/12/15,,44,0,0,1,0,1,1,0
2013/12/16,깵,48,0,0,0,0,2,0,0
2013/12/17,괉,31,0,0,0,0,3,0,0
2013/12/18,낸,39,0,0,0,0,4,0,0
2013/12/19,뒞,42,0,0,0,0,5,0,0
2013/12/20,,55,0,0,1,0,6,1,0
2013/12/21,늧,45,0,0,2,1,7,2,1
2013/12/22,,50,0,0,1,1,1,1,1
2013/12/23,깵,47,0,0,1,1,2,1,1
2013/12/24,괉,42,0,0,0,0,3,0,0
2013/12/25,낸,35,0,0,0,0,4,0,0
2013/12/26,뒞,43,0,0,1,0,5,1,0
2013/12/27,,29,0,0,1,1,6,1,1
2013/12/28,늧,37,0,0,2,2,7,2,2
2013/12/29,,46,0,0,2,2,1,2,2
2013/12/30,깵,25,0,0,1,2,2,1,2
2013/12/31,괉,0,0,1,-1,-1,3,0,0
2014/1/1,낸,0,0,1,-1,-1,4,0,0
2014/1/2,뒞,0,0,1,-1,-1,5,0,0
2014/1/3,,0,0,1,-1,-1,6,0,0
2014/1/4,늧,34,0,0,0,0,7,0,0
2014/1/5,,27,0,0,0,0,1,0,0
2014/1/6,깵,31,0,0,0,0,2,0,0
2014/1/7,괉,16,0,0,0,0,3,0,0
2014/1/8,낸,20,0,0,0,0,4,0,0
2014/1/9,뒞,15,0,0,0,0,5,0,0
2014/1/10,,35,0,0,0,0,6,0,0
2014/1/11,늧,42,0,0,0,0,7,0,0
2014/1/12,,44,0,0,0,0,1,0,0
2014/1/13,깵,17,0,0,0,0,2,0,0
2014/1/14,괉,25,0,0,0,0,3,0,0
2014/1/15,낸,30,0,0,0,0,4,0,0
2014/1/16,뒞,36,0,0,0,0,5,0,0
2014/1/17,,32,0,0,0,0,6,0,0
2014/1/18,늧,50,0,0,1,1,7,1,1
2014/1/19,,40,0,0,0,0,1,0,0
2014/1/20,깵,33,0,0,0,0,2,0,0
2014/1/21,괉,28,0,0,0,0,3,0,0
2014/1/22,낸,33,0,0,0,0,4,0,0
2014/1/23,뒞,24,0,0,0,0,5,0,0
2014/1/24,,46,0,0,1,0,6,1,0
2014/1/25,늧,48,0,0,2,1,7,2,1
2014/1/26,,40,0,0,1,1,1,1,1
2014/1/27,깵,37,0,0,0,0,2,0,0
2014/1/28,괉,34,0,0,0,0,3,0,0
2014/1/29,낸,34,0,0,0,0,4,0,0
2014/1/30,뒞,45,0,0,1,1,5,1,1
2014/1/31,,48,0,0,1,1,6,1,1
2014/2/1,늧,50,0,0,2,1,7,2,1
2014/2/2,,44,0,0,1,0,1,1,0
2014/2/3,깵,31,0,0,1,1,2,1,1
2014/2/4,괉,38,0,0,0,0,3,0,0
2014/2/5,낸,24,0,0,0,0,4,0,0
2014/2/6,뒞,33,0,0,0,0,5,0,0
2014/2/7,,32,0,0,1,1,6,1,1
2014/2/8,늧,32,0,0,1,1,7,1,1
2014/2/9,,43,0,0,1,0,1,1,0
2014/2/10,깵,52,0,0,0,0,2,0,0
2014/2/11,괉,44,0,0,0,0,3,0,0
2014/2/12,낸,40,0,0,0,0,4,0,0
2014/2/13,뒞,40,0,0,0,0,5,0,0
2014/2/14,,31,0,0,1,0,6,1,0
2014/2/15,늧,44,0,0,2,2,7,2,2
2014/2/16,,49,0,0,2,1,1,2,1
2014/2/17,깵,42,0,0,0,0,2,0,0
2014/2/18,괉,40,0,0,0,0,3,0,0
2014/2/19,낸,38,0,0,0,0,4,0,0
2014/2/20,뒞,37,0,0,0,0,5,0,0
2014/2/21,,44,0,0,1,1,6,1,1
2014/2/22,늧,50,0,0,3,2,7,3,2
2014/2/23,,55,0,0,2,2,1,2,2
2014/2/24,깵,53,0,0,1,1,2,1,1
2014/2/25,괉,53,0,0,1,0,3,1,0
2014/2/26,낸,51,0,0,1,0,4,1,0
2014/2/27,뒞,51,0,0,1,1,5,1,1
2014/2/28,,56,0,0,2,2,6,2,2
2014/3/1,늧,55,0,0,2,2,7,2,2
2014/3/2,,48,0,0,1,1,1,1,1
2014/3/3,깵,45,0,0,1,0,2,1,0
2014/3/4,괉,43,0,0,1,1,3,1,1
2014/3/5,낸,45,0,0,0,0,4,0,0
2014/3/6,뒞,46,0,0,0,0,5,0,0
2014/3/7,,57,0,0,0,0,6,0,0
2014/3/8,늧,42,0,0,2,1,7,2,1
2014/3/9,,53,0,0,1,0,1,1,0
2014/3/10,깵,42,0,0,0,0,2,0,0
2014/3/11,괉,42,0,0,0,0,3,0,0
2014/3/12,낸,53,0,0,0,0,4,0,0
2014/3/13,뒞,56,0,0,1,0,5,1,0
2014/3/14,,43,0,0,1,1,6,1,1
2014/3/15,늧,70,0,0,3,2,7,3,2
2014/3/16,,84,0,0,3,2,1,3,2
2014/3/17,깵,77,0,0,2,1,2,2,1
2014/3/18,괉,75,0,0,2,1,3,2,1
2014/3/19,낸,63,0,0,2,2,4,2,2
2014/3/20,뒞,81,0,0,2,2,5,2,2
2014/3/21,,78,0,0,3,3,6,3,3
2014/3/22,늧,69,0,0,5,4,7,5,4
2014/3/23,,77,0,0,4,3,1,4,3
2014/3/24,깵,81,0,0,3,3,2,3,3
2014/3/25,괉,72,0,0,5,5,3,5,5
2014/3/26,낸,88,0,0,5,5,4,5,5
2014/3/27,뒞,69,0,0,5,4,5,5,4
2014/3/28,,62,0,0,4,4,6,4,4
2014/3/29,늧,58,0,0,5,5,7,5,5
2014/3/30,,46,0,0,5,5,1,5,5
2014/3/31,깵,53,0,0,4,5,2,4,5
2014/4/1,괉,44,0,0,4,4,3,4,4
2014/4/2,낸,41,0,0,3,2,4,3,2
2014/4/3,뒞,57,0,0,1,1,5,1,1
2014/4/4,,48,0,0,1,1,6,1,1
2014/4/5,늧,56,0,0,5,4,7,5,4
2014/4/6,,45,0,0,4,3,1,4,3
2014/4/7,깵,48,0,0,1,1,2,1,1
2014/4/8,괉,45,0,0,1,0,3,1,0
2014/4/9,낸,41,0,0,0,0,4,0,0
2014/4/10,뒞,45,0,0,0,0,5,0,0
2014/4/11,,45,0,0,1,1,6,1,1
2014/4/12,늧,60,0,0,3,2,7,3,2
2014/4/13,,56,0,0,2,1,1,2,1
2014/4/14,깵,38,0,0,0,0,2,0,0
2014/4/15,괉,32,0,0,0,0,3,0,0
2014/4/16,낸,44,0,0,0,0,4,0,0
2014/4/17,뒞,23,0,0,0,0,5,0,0
2014/4/18,,38,0,0,1,0,6,1,0
2014/4/19,늧,52,0,0,2,2,7,2,2
2014/4/20,,48,0,0,2,1,1,2,1
2014/4/21,깵,45,0,0,0,0,2,0,0
2014/4/22,괉,39,0,0,0,0,3,0,0
2014/4/23,낸,32,0,0,0,0,4,0,0
2014/4/24,뒞,47,0,0,0,0,5,0,0
2014/4/25,,47,0,0,1,1,6,1,1
2014/4/26,늧,51,0,0,4,3,7,4,3
2014/4/27,,58,0,0,2,2,1,2,2
2014/4/28,깵,54,0,0,1,1,2,1,1
2014/4/29,괉,56,0,0,2,1,3,2,1
2014/4/30,낸,47,0,0,2,1,4,2,1
2014/5/1,뒞,47,0,0,1,0,5,1,0
2014/5/2,,33,0,0,0,0,6,0,0
2014/5/3,늧,34,0,0,2,1,7,2,1
2014/5/4,,37,0,0,2,0,1,2,0
2014/5/5,깵,39,0,0,1,0,2,1,0
2014/5/6,괉,30,0,0,0,0,3,0,0
2014/5/7,낸,28,0,0,0,0,4,0,0
2014/5/8,뒞,24,0,0,0,0,5,0,0
2014/5/9,,27,0,0,0,0,6,0,0
2014/5/10,늧,41,0,0,1,0,7,1,0
2014/5/11,,28,0,0,0,0,1,0,0
2014/5/12,깵,21,0,0,0,0,2,0,0
2014/5/13,괉,18,0,0,0,0,3,0,0
2014/5/14,낸,24,0,0,0,0,4,0,0
2014/5/15,뒞,28,0,0,0,0,5,0,0
2014/5/16,,19,0,0,0,0,6,0,0
2014/5/17,늧,43,0,0,1,1,7,1,1
2014/5/18,,42,0,0,1,0,1,1,0
2014/5/19,깵,27,0,0,0,0,2,0,0
2014/5/20,괉,19,1,0,0,0,3,0,0
2014/5/21,낸,32,0,0,0,0,4,0,0
2014/5/22,뒞,29,0,0,0,0,5,0,0
2014/5/23,,30,0,0,1,0,6,1,0
2014/5/24,늧,45,0,0,2,1,7,2,1
2014/5/25,,35,0,0,1,1,1,1,1
2014/5/26,깵,34,0,0,1,0,2,1,0
2014/5/27,괉,36,0,0,1,0,3,1,0
2014/5/28,낸,37,0,0,1,0,4,1,0
2014/5/29,뒞,45,0,0,1,1,5,1,1
2014/5/30,,36,0,0,1,1,6,1,1
2014/5/31,늧,49,0,0,2,2,7,2,2
2014/6/1,,45,0,0,1,1,1,1,1
2014/6/2,깵,35,0,0,0,0,2,0,0
2014/6/3,괉,24,0,0,0,0,3,0,0
2014/6/4,낸,24,0,0,0,0,4,0,0
2014/6/5,뒞,26,0,0,0,0,5,0,0
2014/6/6,,34,0,0,0,0,6,0,0
2014/6/7,늧,36,0,0,2,1,7,2,1
2014/6/8,,32,0,0,1,0,1,1,0
2014/6/9,깵,27,0,0,0,0,2,0,0
2014/6/10,괉,26,0,0,0,0,3,0,0
2014/6/11,낸,16,0,0,0,0,4,0,0
2014/6/12,뒞,16,0,0,0,0,5,0,0
2014/6/13,,30,0,0,0,0,6,0,0
2014/6/14,늧,45,1,0,1,1,7,1,1
2014/6/15,,40,0,0,1,0,1,1,0
2014/6/16,깵,35,0,0,0,0,2,0,0
2014/6/17,괉,26,0,0,0,0,3,0,0
2014/6/18,낸,22,0,0,0,0,4,0,0
2014/6/19,뒞,26,0,0,0,0,5,0,0
2014/6/20,,35,0,0,0,0,6,0,0
2014/6/21,늧,48,0,0,1,1,7,1,1
2014/6/22,,46,0,0,2,1,1,2,1
2014/6/23,깵,42,0,0,0,0,2,0,0
2014/6/24,괉,34,0,0,0,0,3,0,0
2014/6/25,낸,35,0,0,0,0,4,0,0
2014/6/26,뒞,33,0,0,0,0,5,0,0
2014/6/27,,48,0,0,1,1,6,1,1
2014/6/28,늧,56,0,0,2,2,7,2,2
2014/6/29,,58,0,0,2,0,1,2,0
2014/6/30,깵,52,0,0,1,1,2,1,1
2014/7/1,괉,48,0,0,1,1,3,1,1
2014/7/2,낸,39,0,0,1,0,4,1,0
2014/7/3,뒞,26,0,0,0,0,5,0,0
2014/7/4,,38,0,0,0,0,6,0,0
2014/7/5,늧,38,0,0,2,1,7,2,1
2014/7/6,,46,0,0,1,1,1,1,1
2014/7/7,깵,34,0,0,0,0,2,0,0
2014/7/8,괉,34,0,0,0,0,3,0,0
2014/7/9,낸,27,0,0,0,0,4,0,0
2014/7/10,뒞,30,1,0,0,0,5,0,0
2014/7/11,,31,0,0,0,0,6,0,0
2014/7/12,늧,46,0,0,2,0,7,2,0
2014/7/13,,47,0,0,1,1,1,1,1
2014/7/14,깵,34,0,0,0,0,2,0,0
2014/7/15,괉,33,0,0,0,0,3,0,0
2014/7/16,낸,34,0,0,0,0,4,0,0
2014/7/17,뒞,32,0,0,0,0,5,0,0
2014/7/18,,31,0,0,1,0,6,1,0
2014/7/19,늧,41,1,0,2,1,7,2,1
2014/7/20,,46,0,0,2,1,1,2,1
2014/7/21,깵,49,0,0,0,0,2,0,0
2014/7/22,괉,39,0,0,0,0,3,0,0
2014/7/23,낸,40,1,0,0,0,4,0,0
2014/7/24,뒞,44,0,0,0,0,5,0,0
2014/7/25,,34,0,0,1,1,6,1,1
2014/7/26,늧,44,0,0,3,2,7,3,2
2014/7/27,,45,0,0,2,2,1,2,2
2014/7/28,깵,45,0,0,1,1,2,1,1
2014/7/29,괉,48,0,0,1,1,3,1,1
2014/7/30,낸,43,0,0,1,1,4,1,1
2014/7/31,뒞,42,0,0,2,1,5,2,1
2014/8/1,,42,0,0,1,1,6,1,1
2014/8/2,늧,39,0,0,2,1,7,2,1
2014/8/3,,43,0,0,1,1,1,1,1
2014/8/4,깵,37,0,0,0,0,2,0,0
2014/8/5,괉,35,0,0,0,0,3,0,0
2014/8/6,낸,26,0,0,0,0,4,0,0
2014/8/7,뒞,31,0,0,0,0,5,0,0
2014/8/8,,29,0,0,0,0,6,0,0
2014/8/9,늧,44,0,0,1,1,7,1,1
2014/8/10,,40,0,0,1,0,1,1,0
2014/8/11,깵,37,0,0,0,0,2,0,0
2014/8/12,괉,0,0,1,-1,-1,3,0,0
2014/8/13,낸,42,0,0,0,0,4,0,0
2014/8/14,뒞,36,0,0,0,0,5,0,0
2014/8/15,,33,0,0,0,0,6,0,0
2014/8/16,늧,37,0,0,0,0,7,0,0
2014/8/17,,36,0,0,0,0,1,0,0
2014/8/18,깵,31,0,0,0,0,2,0,0
2014/8/19,괉,33,0,0,0,0,3,0,0
2014/8/20,낸,29,0,0,0,0,4,0,0
2014/8/21,뒞,27,0,0,0,0,5,0,0
2014/8/22,,28,0,0,0,0,6,0,0
2014/8/23,늧,43,0,0,1,1,7,1,1
2014/8/24,,48,0,0,1,1,1,1,1
2014/8/25,깵,38,0,0,0,0,2,0,0
2014/8/26,괉,48,0,0,0,0,3,0,0
2014/8/27,낸,41,0,0,0,0,4,0,0
2014/8/28,뒞,47,0,0,1,1,5,1,1
2014/8/29,,53,0,0,1,1,6,1,1
2014/8/30,늧,49,0,0,2,1,7,2,1
2014/8/31,,57,0,0,1,1,1,1,1
2014/9/1,깵,45,0,0,1,1,2,1,1
2014/9/2,괉,24,0,0,0,0,3,0,0
2014/9/3,낸,29,0,0,0,0,4,0,0
2014/9/4,뒞,27,0,0,0,0,5,0,0
2014/9/5,,30,0,0,1,0,6,1,0
2014/9/6,늧,37,0,0,1,1,7,1,1
2014/9/7,,36,0,0,1,1,1,1,1
2014/9/8,깵,24,0,0,0,0,2,0,0
2014/9/9,괉,26,0,0,0,0,3,0,0
2014/9/10,낸,36,0,0,0,0,4,0,0
2014/9/11,뒞,38,0,0,0,0,5,0,0
2014/9/12,,34,0,0,0,0,6,0,0
2014/9/13,늧,39,0,0,2,1,7,2,1
2014/9/14,,42,0,0,2,2,1,2,2
2014/9/15,깵,35,0,0,1,0,2,1,0
2014/9/16,괉,38,0,0,0,0,3,0,0
2014/9/17,낸,29,0,0,0,0,4,0,0
2014/9/18,뒞,34,0,0,0,0,5,0,0
2014/9/19,,33,1,0,0,0,6,0,0
2014/9/20,늧,50,0,0,2,1,7,2,1
2014/9/21,,51,0,0,2,2,1,2,2
2014/9/22,깵,47,0,0,1,1,2,1,1
2014/9/23,괉,49,0,0,1,0,3,1,0
2014/9/24,낸,51,0,0,0,0,4,0,0
2014/9/25,뒞,48,0,0,0,0,5,0,0
2014/9/26,,44,0,0,1,1,6,1,1
2014/9/27,늧,54,0,0,3,2,7,3,2
2014/9/28,,57,0,0,2,2,1,2,2
2014/9/29,깵,48,0,0,1,1,2,1,1
2014/9/30,괉,56,1,0,1,1,3,1,1
2014/10/1,낸,41,0,0,1,0,4,1,0
2014/10/2,뒞,36,0,0,1,0,5,1,0
2014/10/3,,40,0,0,0,0,6,0,0
2014/10/4,늧,57,0,0,2,1,7,2,1
2014/10/5,,43,0,0,1,0,1,1,0
2014/10/6,깵,29,0,0,0,0,2,0,0
2014/10/7,괉,29,0,0,0,0,3,0,0
2014/10/8,낸,37,0,0,0,0,4,0,0
2014/10/9,뒞,28,0,0,0,0,5,0,0
2014/10/10,,39,0,0,0,0,6,0,0
2014/10/11,늧,47,0,0,2,1,7,2,1
2014/10/12,,44,1,0,2,2,1,2,2
2014/10/13,깵,28,1,0,0,0,2,0,0
2014/10/14,괉,37,0,0,0,0,3,0,0
2014/10/15,낸,38,0,0,0,0,4,0,0
2014/10/16,뒞,36,0,0,0,0,5,0,0
2014/10/17,,35,0,0,0,0,6,0,0
2014/10/18,늧,49,0,0,1,1,7,1,1
2014/10/19,,41,0,0,1,0,1,1,0
2014/10/20,깵,41,0,0,1,0,2,1,0
2014/10/21,괉,25,0,0,0,0,3,0,0
2014/10/22,낸,33,0,0,0,0,4,0,0
2014/10/23,뒞,38,0,0,0,0,5,0,0
2014/10/24,,38,0,0,1,0,6,1,0
2014/10/25,늧,41,0,0,2,1,7,2,1
2014/10/26,,53,0,0,2,1,1,2,1
2014/10/27,깵,43,0,0,1,1,2,1,1
2014/10/28,괉,35,0,0,1,1,3,1,1
2014/10/29,낸,42,0,0,1,1,4,1,1
2014/10/30,뒞,47,0,0,1,1,5,1,1
2014/10/31,,53,0,0,2,1,6,2,1
2014/11/1,늧,58,0,0,2,1,7,2,1
2014/11/2,,50,0,0,1,1,1,1,1
2014/11/3,깵,41,0,0,0,0,2,0,0
2014/11/4,괉,36,0,0,0,0,3,0,0
2014/11/5,낸,26,0,0,0,0,4,0,0
2014/11/6,뒞,24,0,0,0,0,5,0,0
2014/11/7,,33,0,0,0,0,6,0,0
2014/11/8,늧,31,0,0,1,1,7,1,1
2014/11/9,,25,0,0,0,0,1,0,0
2014/11/10,깵,27,0,0,0,0,2,0,0
2014/11/11,괉,22,0,0,0,0,3,0,0
2014/11/12,낸,17,0,0,0,0,4,0,0
2014/11/13,뒞,20,0,0,0,0,5,0,0
2014/11/14,,31,0,0,0,0,6,0,0
2014/11/15,늧,45,0,0,1,1,7,1,1
2014/11/16,,33,0,0,0,0,1,0,0
2014/11/17,깵,35,0,0,0,0,2,0,0
2014/11/18,괉,34,0,0,0,0,3,0,0
2014/11/19,낸,40,0,0,0,0,4,0,0
2014/11/20,뒞,43,0,0,0,0,5,0,0
2014/11/21,,45,0,0,0,0,6,0,0
2014/11/22,늧,46,0,0,2,1,7,2,1
2014/11/23,,39,0,0,2,2,1,2,2
2014/11/24,깵,38,0,0,1,0,2,1,0
2014/11/25,괉,44,0,0,0,0,3,0,0
2014/11/26,낸,44,0,0,0,0,4,0,0
2014/11/27,뒞,47,0,0,1,0,5,1,0
2014/11/28,,53,1,0,1,1,6,1,1
2014/11/29,늧,50,1,0,2,2,7,2,2
2014/11/30,,59,1,0,2,1,1,2,1
2014/12/1,깵,34,1,0,1,1,2,1,1
2014/12/2,괉,36,1,0,2,0,3,2,0
2014/12/3,낸,36,1,0,0,0,4,0,0
2014/12/4,뒞,32,1,0,0,0,5,0,0
2014/12/5,,31,1,0,1,1,6,1,1
2014/12/6,늧,39,1,0,2,1,7,2,1
2014/12/7,,39,1,0,1,0,1,1,0
2014/12/8,깵,34,1,0,0,0,2,0,0
2014/12/9,괉,22,1,0,0,0,3,0,0
2014/12/10,낸,29,1,0,0,0,4,0,0
2014/12/11,뒞,25,1,0,0,0,5,0,0
2014/12/12,,35,1,0,1,0,6,1,0
2014/12/13,늧,39,1,0,1,1,7,1,1
2014/12/14,,35,1,0,1,0,1,1,0
2014/12/15,깵,28,1,0,0,0,2,0,0
2014/12/16,괉,40,1,0,0,0,3,0,0
2014/12/17,낸,41,1,0,0,0,4,0,0
2014/12/18,뒞,35,1,0,0,0,5,0,0
2014/12/19,,37,0,0,1,0,6,1,0
2014/12/20,늧,39,1,0,2,1,7,2,1
2014/12/21,,49,1,0,2,2,1,2,2
2014/12/22,깵,43,1,0,1,1,2,1,1
2014/12/23,괉,46,0,0,1,0,3,1,0
2014/12/24,낸,45,1,0,0,0,4,0,0
2014/12/25,뒞,52,1,0,0,0,5,0,0
2014/12/26,,41,1,0,1,0,6,1,0
2014/12/27,늧,37,1,0,3,2,7,3,2
2014/12/28,,38,1,0,2,2,1,2,2
2014/12/29,깵,42,0,0,1,1,2,1,1
2014/12/30,괉,17,0,0,1,2,3,1,2
2014/12/31,낸,0,0,1,-1,-1,4,0,0
2015/1/1,뒞,0,0,1,-1,-1,5,0,0
2015/1/2,,0,0,1,-1,-1,6,0,0
2015/1/3,늧,0,0,1,-1,-1,7,1,1
2015/1/4,,36,0,0,0,0,1,0,0
2015/1/5,깵,20,0,0,0,0,2,0,0
2015/1/6,괉,20,0,0,0,0,3,0,0
2015/1/7,낸,19,0,0,0,0,4,0,0
2015/1/8,뒞,24,1,0,0,0,5,0,0
2015/1/9,,30,0,0,0,0,6,0,0
2015/1/10,늧,46,1,0,0,0,7,0,0
2015/1/11,,39,1,0,0,0,1,0,0
2015/1/12,깵,30,0,0,0,0,2,0,0
2015/1/13,괉,29,0,0,0,0,3,0,0
2015/1/14,낸,29,1,0,0,0,4,0,0
2015/1/15,뒞,30,1,0,0,0,5,0,0
2015/1/16,,33,0,0,0,0,6,0,0
2015/1/17,늧,41,0,0,1,0,7,1,0
2015/1/18,,35,0,0,0,0,1,0,0
2015/1/19,깵,32,0,0,0,0,2,0,0
2015/1/20,괉,29,0,0,0,0,3,0,0
2015/1/21,낸,25,0,0,0,0,4,0,0
2015/1/22,뒞,30,1,0,0,0,5,0,0
2015/1/23,,31,0,0,1,0,6,1,0
2015/1/24,늧,56,0,0,1,1,7,1,1
2015/1/25,,48,0,0,1,1,1,1,1
2015/1/26,깵,36,0,0,0,0,2,0,0
2015/1/27,괉,37,0,0,0,0,3,0,0
2015/1/28,낸,44,0,0,0,0,4,0,0
2015/1/29,뒞,37,0,0,1,0,5,1,0
2015/1/30,,50,0,0,1,1,6,1,1
2015/1/31,늧,63,1,0,2,1,7,2,1
2015/2/1,,49,0,0,2,1,1,2,1
2015/2/2,깵,39,0,0,1,0,2,1,0
2015/2/3,괉,33,0,0,0,0,3,0,0
2015/2/4,낸,33,0,0,0,0,4,0,0
2015/2/5,뒞,22,0,0,0,0,5,0,0
2015/2/6,,31,1,0,1,0,6,1,0
2015/2/7,늧,40,0,0,2,1,7,2,1
2015/2/8,,44,0,0,1,1,1,1,1
2015/2/9,깵,39,0,0,0,0,2,0,0
2015/2/10,괉,43,0,0,0,0,3,0,0
2015/2/11,낸,36,0,0,0,0,4,0,0
2015/2/12,뒞,35,0,0,0,0,5,0,0
2015/2/13,,31,0,0,0,0,6,0,0
2015/2/14,늧,53,0,0,1,1,7,1,1
2015/2/15,,47,0,0,1,0,1,1,0
2015/2/16,깵,45,0,0,0,0,2,0,0
2015/2/17,괉,35,0,0,0,0,3,0,0
2015/2/18,낸,50,1,0,0,0,4,0,0
2015/2/19,뒞,35,0,0,0,0,5,0,0
2015/2/20,,45,0,0,1,0,6,1,0
2015/2/21,늧,64,0,0,2,2,7,2,2
2015/2/22,,53,0,0,2,1,1,2,1
2015/2/23,깵,60,1,0,1,1,2,1,1
2015/2/24,괉,48,0,0,0,0,3,0,0
2015/2/25,낸,53,0,0,1,0,4,1,0
2015/2/26,뒞,57,0,0,1,1,5,1,1
2015/2/27,,72,1,0,1,1,6,1,1
2015/2/28,늧,86,0,0,3,2,7,3,2
2015/3/1,,61,0,0,2,1,1,2,1
2015/3/2,깵,42,0,0,1,1,2,1,1
2015/3/3,괉,51,0,0,1,0,3,1,0
2015/3/4,낸,46,0,0,1,0,4,1,0
2015/3/5,뒞,47,0,0,1,0,5,1,0
2015/3/6,,53,0,0,1,1,6,1,1
2015/3/7,늧,41,1,0,2,1,7,2,1
2015/3/8,,48,0,0,1,1,1,1,1
2015/3/9,깵,46,0,0,0,0,2,0,0
2015/3/10,괉,49,0,0,0,0,3,0,0
2015/3/11,낸,54,0,0,0,0,4,0,0
2015/3/12,뒞,56,0,0,1,1,5,1,1
2015/3/13,,53,0,0,1,1,6,1,1
2015/3/14,늧,72,1,0,2,2,7,2,2
2015/3/15,,68,1,0,2,2,1,2,2
2015/3/16,깵,91,0,0,2,2,2,2,2
2015/3/17,괉,93,0,0,1,1,3,1,1
2015/3/18,낸,84,0,0,1,1,4,1,1
2015/3/19,뒞,97,0,0,1,1,5,1,1
2015/3/20,,88,0,0,1,1,6,1,1
2015/3/21,늧,83,1,0,3,3,7,3,3
2015/3/22,,84,0,0,3,2,1,3,2
2015/3/23,깵,88,0,0,4,2,2,4,2
2015/3/24,괉,109,0,0,5,2,3,5,2
2015/3/25,낸,78,0,0,5,4,4,5,4
2015/3/26,뒞,85,0,0,4,4,5,4,4
2015/3/27,,95,0,0,4,4,6,4,4
2015/3/28,늧,88,1,0,5,5,7,5,5
2015/3/29,,96,0,0,5,4,1,5,4
2015/3/30,깵,87,1,0,4,3,2,4,3
2015/3/31,괉,75,1,0,4,3,3,4,3
2015/4/1,낸,61,1,0,3,3,4,3,3
2015/4/2,뒞,60,1,0,2,2,5,2,2
2015/4/3,,75,1,0,2,1,6,2,1
2015/4/4,늧,86,1,0,4,3,7,4,3
2015/4/5,,69,1,0,2,2,1,2,2
2015/4/6,깵,61,1,0,1,1,2,1,1
2015/4/7,괉,54,1,0,1,1,3,1,1
2015/4/8,낸,55,0,0,0,0,4,0,0
2015/4/9,뒞,57,1,0,0,0,5,0,0
2015/4/10,,68,1,0,1,1,6,1,1
2015/4/11,늧,69,1,0,3,3,7,3,3
2015/4/12,,59,1,0,2,1,1,2,1
2015/4/13,깵,49,1,0,0,0,2,0,0
2015/4/14,괉,34,0,0,0,0,3,0,0
2015/4/15,낸,47,1,0,0,0,4,0,0
2015/4/16,뒞,32,1,0,0,0,5,0,0
2015/4/17,,41,1,0,1,1,6,1,1
2015/4/18,늧,52,1,0,2,2,7,2,2
2015/4/19,,50,1,0,2,0,1,2,0
2015/4/20,깵,34,0,0,0,0,2,0,0
2015/4/21,괉,39,0,0,0,0,3,0,0
2015/4/22,낸,55,0,0,0,0,4,0,0
2015/4/23,뒞,39,0,0,0,0,5,0,0
2015/4/24,,45,1,0,2,1,6,2,1
2015/4/25,늧,56,1,0,4,3,7,4,3
2015/4/26,,54,0,0,3,2,1,3,2
2015/4/27,깵,58,0,0,1,1,2,1,1
2015/4/28,괉,57,0,0,1,0,3,1,0
2015/4/29,낸,65,0,0,2,1,4,2,1
2015/4/30,뒞,61,1,0,2,1,5,2,1
2015/5/1,,56,0,0,1,0,6,1,0
2015/5/2,늧,44,0,0,2,1,7,2,1
2015/5/3,,60,1,0,1,1,1,1,1
2015/5/4,깵,57,0,0,1,0,2,1,0
2015/5/5,괉,49,0,0,0,0,3,0,0
2015/5/6,낸,41,0,0,0,0,4,0,0
2015/5/7,뒞,41,0,0,0,0,5,0,0
2015/5/8,,28,0,0,0,0,6,0,0
2015/5/9,늧,35,0,0,1,1,7,1,1
2015/5/10,,34,0,0,1,0,1,1,0
2015/5/11,깵,27,0,0,0,0,2,0,0
2015/5/12,괉,34,0,0,0,0,3,0,0
2015/5/13,낸,24,0,0,0,0,4,0,0
2015/5/14,뒞,28,0,0,0,0,5,0,0
2015/5/15,,41,0,0,0,0,6,0,0
2015/5/16,늧,42,0,0,1,0,7,1,0
2015/5/17,,37,0,0,1,0,1,1,0
2015/5/18,깵,38,0,0,0,0,2,0,0
2015/5/19,괉,30,0,0,0,0,3,0,0
2015/5/20,낸,33,0,0,0,0,4,0,0
2015/5/21,뒞,31,0,0,0,0,5,0,0
2015/5/22,,46,0,0,1,0,6,1,0
2015/5/23,늧,46,0,0,1,1,7,1,1
2015/5/24,,37,0,0,1,1,1,1,1
2015/5/25,깵,49,0,0,1,1,2,1,1
2015/5/26,괉,44,0,0,0,0,3,0,0
2015/5/27,낸,39,0,0,0,0,4,0,0
2015/5/28,뒞,52,0,0,1,0,5,1,0
2015/5/29,,58,0,0,1,1,6,1,1
2015/5/30,늧,56,0,0,2,2,7,2,2
2015/5/31,,57,0,0,2,1,1,2,1
2015/6/1,깵,33,0,0,1,1,2,1,1
2015/6/2,괉,31,0,0,0,0,3,0,0
2015/6/3,낸,24,0,0,0,0,4,0,0
2015/6/4,뒞,32,0,0,0,0,5,0,0
2015/6/5,,25,0,0,1,0,6,1,0
2015/6/6,늧,46,0,0,2,1,7,2,1
2015/6/7,,39,0,0,1,0,1,1,0
2015/6/8,깵,30,0,0,0,0,2,0,0
2015/6/9,괉,24,0,0,0,0,3,0,0
2015/6/10,낸,15,0,0,0,0,4,0,0
2015/6/11,뒞,32,0,0,0,0,5,0,0
2015/6/12,,28,0,0,0,0,6,0,0
2015/6/13,늧,45,0,0,1,1,7,1,1
2015/6/14,,51,1,0,1,0,1,1,0
2015/6/15,깵,30,0,0,0,0,2,0,0
2015/6/16,괉,27,0,0,0,0,3,0,0
2015/6/17,낸,27,0,0,0,0,4,0,0
2015/6/18,뒞,21,0,0,0,0,5,0,0
2015/6/19,,37,0,0,0,0,6,0,0
2015/6/20,늧,60,0,0,1,1,7,1,1
2015/6/21,,49,0,0,1,1,1,1,1
2015/6/22,깵,48,0,0,1,0,2,1,0
2015/6/23,괉,47,0,0,0,0,3,0,0
2015/6/24,낸,43,0,0,0,0,4,0,0
2015/6/25,뒞,53,0,0,1,0,5,1,0
2015/6/26,,52,0,0,1,1,6,1,1
2015/6/27,늧,68,0,0,2,2,7,2,2
2015/6/28,,66,0,0,2,1,1,2,1
2015/6/29,깵,60,0,0,1,1,2,1,1
2015/6/30,괉,64,0,0,1,1,3,1,1
2015/7/1,낸,38,0,0,1,1,4,1,1
2015/7/2,뒞,31,0,0,0,0,5,0,0
2015/7/3,,34,0,0,1,0,6,1,0
2015/7/4,늧,53,0,0,2,1,7,2,1
2015/7/5,,45,0,0,1,0,1,1,0
2015/7/6,깵,37,0,0,0,0,2,0,0
2015/7/7,괉,24,0,0,0,0,3,0,0
2015/7/8,낸,36,0,0,0,0,4,0,0
2015/7/9,뒞,30,0,0,0,0,5,0,0
2015/7/10,,36,0,0,1,0,6,1,0
2015/7/11,늧,49,0,0,1,1,7,1,1
2015/7/12,,44,0,0,1,0,1,1,0
2015/7/13,깵,35,0,0,0,0,2,0,0
2015/7/14,괉,38,0,0,0,0,3,0,0
2015/7/15,낸,33,0,0,0,0,4,0,0
2015/7/16,뒞,27,0,0,0,0,5,0,0
2015/7/17,,46,0,0,1,0,6,1,0
2015/7/18,늧,58,1,0,2,1,7,2,1
2015/7/19,,58,0,0,2,1,1,2,1
2015/7/20,깵,41,0,0,0,0,2,0,0
2015/7/21,괉,35,0,0,1,0,3,1,0
2015/7/22,낸,34,0,0,0,0,4,0,0
2015/7/23,뒞,36,0,0,0,0,5,0,0
2015/7/24,,33,0,0,1,1,6,1,1
2015/7/25,늧,51,0,0,3,2,7,3,2
2015/7/26,,41,0,0,2,2,1,2,2
2015/7/27,깵,34,1,0,1,1,2,1,1
2015/7/28,괉,39,1,0,1,0,3,1,0
2015/7/29,낸,42,0,0,1,0,4,1,0
2015/7/30,뒞,50,1,0,1,1,5,1,1
2015/7/31,,58,0,0,2,1,6,2,1
2015/8/1,늧,59,0,0,2,1,7,2,1
2015/8/2,,49,0,0,1,1,1,1,1
2015/8/3,깵,54,0,0,0,0,2,0,0
2015/8/4,괉,44,0,0,0,0,3,0,0
2015/8/5,낸,34,0,0,0,0,4,0,0
2015/8/6,뒞,21,0,0,0,0,5,0,0
2015/8/7,,30,0,0,0,0,6,0,0
2015/8/8,늧,39,0,0,1,1,7,1,1
2015/8/9,,31,0,0,0,0,1,0,0
2015/8/10,깵,41,0,0,0,0,2,0,0
2015/8/11,괉,41,0,0,0,0,3,0,0
2015/8/12,낸,0,0,1,-1,-1,4,0,0
2015/8/13,뒞,41,0,0,0,0,5,0,0
2015/8/14,,44,0,0,0,0,6,0,0
2015/8/15,늧,30,0,0,0,0,7,0,0
2015/8/16,,22,0,0,0,0,1,0,0
2015/8/17,깵,39,0,0,0,0,2,0,0
2015/8/18,괉,29,0,0,0,0,3,0,0
2015/8/19,낸,27,0,0,0,0,4,0,0
2015/8/20,뒞,43,0,0,0,0,5,0,0
2015/8/21,,41,0,0,0,0,6,0,0
2015/8/22,늧,39,0,0,1,1,7,1,1
2015/8/23,,30,0,0,1,0,1,1,0
2015/8/24,깵,49,0,0,1,0,2,1,0
2015/8/25,괉,39,0,0,0,0,3,0,0
2015/8/26,낸,44,0,0,0,0,4,0,0
2015/8/27,뒞,57,0,0,0,0,5,0,0
2015/8/28,,60,0,0,1,0,6,1,0
2015/8/29,늧,70,1,0,2,1,7,2,1
2015/8/30,,66,0,0,2,1,1,2,1
2015/8/31,깵,67,1,0,1,1,2,1,1
2015/9/1,괉,34,1,0,1,1,3,1,1
2015/9/2,낸,29,0,0,0,0,4,0,0
2015/9/3,뒞,41,0,0,0,0,5,0,0
2015/9/4,,31,0,0,1,0,6,1,0
2015/9/5,늧,37,0,0,2,1,7,2,1
2015/9/6,,46,0,0,1,0,1,1,0
2015/9/7,깵,31,0,0,0,0,2,0,0
2015/9/8,괉,16,0,0,0,0,3,0,0
2015/9/9,낸,19,0,0,0,0,4,0,0
2015/9/10,뒞,25,0,0,0,0,5,0,0
2015/9/11,,26,0,0,0,0,6,0,0
2015/9/12,늧,39,0,0,1,1,7,1,1
2015/9/13,,35,0,0,0,0,1,0,0
2015/9/14,깵,48,0,0,0,0,2,0,0
2015/9/15,괉,48,0,0,0,0,3,0,0
2015/9/16,낸,57,0,0,0,0,4,0,0
2015/9/17,뒞,31,0,0,0,0,5,0,0
2015/9/18,,45,0,0,0,0,6,0,0
2015/9/19,늧,47,0,0,1,1,7,1,1
2015/9/20,,67,0,0,2,1,1,2,1
2015/9/21,깵,61,0,0,1,0,2,1,0
2015/9/22,괉,51,0,0,1,1,3,1,1
2015/9/23,낸,56,0,0,0,1,4,0,1
2015/9/24,뒞,45,1,0,0,0,5,0,0
2015/9/25,,54,1,0,1,1,6,1,1
2015/9/26,늧,51,1,0,2,2,7,2,2
2015/9/27,,53,1,0,2,2,1,2,2
2015/9/28,깵,53,1,0,1,1,2,1,1
2015/9/29,괉,56,1,0,1,0,3,1,0
2015/9/30,낸,53,1,0,1,1,4,1,1
2015/10/1,뒞,48,1,0,1,0,5,1,0
2015/10/2,,54,1,0,0,0,6,0,0
2015/10/3,늧,44,1,0,1,1,7,1,1
2015/10/4,,57,1,0,1,1,1,1,1
2015/10/5,깵,43,1,0,0,0,2,0,0
2015/10/6,괉,31,1,0,0,0,3,0,0
2015/10/7,낸,30,1,0,0,0,4,0,0
2015/10/8,뒞,38,1,0,0,0,5,0,0
2015/10/9,,43,1,0,1,0,6,1,0
2015/10/10,늧,50,1,0,2,1,7,2,1
2015/10/11,,42,1,0,2,1,1,2,1
2015/10/12,깵,41,1,0,0,0,2,0,0
2015/10/13,괉,33,1,0,0,0,3,0,0
2015/10/14,낸,41,1,0,0,0,4,0,0
2015/10/15,뒞,42,1,0,0,0,5,0,0
2015/10/16,,37,1,0,0,0,6,0,0
2015/10/17,늧,46,1,0,1,1,7,1,1
2015/10/18,,40,1,0,1,0,1,1,0
2015/10/19,깵,34,1,0,0,0,2,0,0
2015/10/20,괉,29,1,0,0,0,3,0,0
2015/10/21,낸,28,1,0,0,0,4,0,0
2015/10/22,뒞,42,1,0,0,0,5,0,0
2015/10/23,,32,1,0,1,0,6,1,0
2015/10/24,늧,56,1,0,2,1,7,2,1
2015/10/25,,50,1,0,1,1,1,1,1
2015/10/26,깵,45,1,0,2,0,2,2,0
2015/10/27,괉,35,1,0,1,1,3,1,1
2015/10/28,낸,48,0,0,0,0,4,0,0
2015/10/29,뒞,52,1,0,1,1,5,1,1
2015/10/30,,53,1,0,1,1,6,1,1
2015/10/31,늧,75,1,0,2,2,7,2,2
2015/11/1,,48,1,0,2,2,1,2,2
2015/11/2,깵,53,1,0,1,1,2,1,1
2015/11/3,괉,32,0,0,1,0,3,1,0
2015/11/4,낸,20,0,0,0,0,4,0,0
2015/11/5,뒞,25,0,0,0,0,5,0,0
2015/11/6,,22,1,0,0,0,6,0,0
2015/11/7,늧,38,1,0,1,1,7,1,1
2015/11/8,,32,0,0,1,0,1,1,0
2015/11/9,깵,25,0,0,0,0,2,0,0
2015/11/10,괉,21,0,0,0,0,3,0,0
2015/11/11,낸,29,0,0,0,0,4,0,0
2015/11/12,뒞,23,1,0,0,0,5,0,0
2015/11/13,,37,0,0,1,0,6,1,0
2015/11/14,늧,47,0,0,1,1,7,1,1
2015/11/15,,13,1,0,0,0,1,0,0
2015/11/16,깵,37,0,0,0,0,2,0,0
2015/11/17,괉,20,0,0,0,0,3,0,0
2015/11/18,낸,27,0,0,0,0,4,0,0
2015/11/19,뒞,34,0,0,0,0,5,0,0
2015/11/20,,42,1,0,0,0,6,0,0
2015/11/21,늧,67,0,0,1,0,7,1,0
2015/11/22,,57,0,0,0,0,1,0,0
2015/11/23,깵,41,0,0,0,0,2,0,0
2015/11/24,괉,37,0,0,0,0,3,0,0
2015/11/25,낸,40,0,0,1,0,4,1,0
2015/11/26,뒞,32,0,0,0,0,5,0,0
2015/11/27,,44,0,0,1,0,6,1,0
2015/11/28,늧,60,0,0,2,1,7,2,1
2015/11/29,,45,0,0,1,1,1,1,1
2015/11/30,깵,54,0,0,1,0,2,1,0
2015/12/1,괉,41,1,0,1,1,3,1,1
2015/12/2,낸,29,1,0,0,0,4,0,0
2015/12/3,뒞,25,1,0,0,0,5,0,0
2015/12/4,,33,1,0,0,0,6,0,0
2015/12/5,늧,49,1,0,1,1,7,1,1
2015/12/6,,48,1,0,1,0,1,1,0
2015/12/7,깵,34,1,0,0,0,2,0,0
2015/12/8,괉,29,1,0,0,0,3,0,0
2015/12/9,낸,33,1,0,0,0,4,0,0
2015/12/10,뒞,39,1,0,0,0,5,0,0
2015/12/11,,47,1,0,0,0,6,0,0
2015/12/12,늧,62,1,0,1,1,7,1,1
2015/12/13,,52,1,0,0,0,1,0,0
2015/12/14,깵,47,1,0,0,0,2,0,0
2015/12/15,괉,43,1,0,0,0,3,0,0
2015/12/16,낸,39,1,0,0,0,4,0,0
2015/12/17,뒞,37,1,0,0,0,5,0,0
2015/12/18,,54,1,0,1,0,6,1,0
2015/12/19,늧,63,1,0,1,1,7,1,1
2015/12/20,,58,1,0,1,1,1,1,1
2015/12/21,깵,65,1,0,0,0,2,0,0
2015/12/22,괉,61,1,0,0,0,3,0,0
2015/12/23,낸,71,1,0,0,0,4,0,0
2015/12/24,뒞,49,1,0,0,0,5,0,0
2015/12/25,,50,1,0,1,1,6,1,1
2015/12/26,늧,64,1,0,2,2,7,2,2
2015/12/27,,70,1,0,1,1,1,1,1
2015/12/28,깵,59,1,0,0,0,2,0,0
2015/12/29,괉,37,1,0,1,0,3,1,0
2015/12/30,낸,30,0,0,0,0,4,0,0
2015/12/31,뒞,0,0,1,-1,-1,5,0,0
2016/1/1,,0,0,1,-1,-1,6,0,0
2016/1/2,늧,0,0,1,-1,-1,7,1,1
2016/1/3,,0,0,1,-1,-1,1,1,1
2016/1/4,깵,24,0,0,0,0,2,0,0
2016/1/5,괉,17,0,0,0,0,3,0,0
2016/1/6,낸,15,0,0,0,0,4,0,0
2016/1/7,뒞,22,1,0,0,0,5,0,0
2016/1/8,,34,0,0,0,0,6,0,0
2016/1/9,늧,50,0,0,0,0,7,0,0
2016/1/10,,52,1,0,0,0,1,0,0
2016/1/11,깵,26,0,0,0,0,2,0,0
2016/1/12,괉,32,0,0,0,0,3,0,0
2016/1/13,낸,32,0,0,0,0,4,0,0
2016/1/14,뒞,22,0,0,0,0,5,0,0
2016/1/15,,34,1,0,0,0,6,0,0
2016/1/16,늧,47,1,0,1,0,7,1,0
2016/1/17,,51,0,0,0,0,1,0,0
2016/1/18,깵,20,0,0,0,0,2,0,0
2016/1/19,괉,24,0,0,0,0,3,0,0
2016/1/20,낸,36,0,0,0,0,4,0,0
2016/1/21,뒞,31,1,0,0,0,5,0,0
2016/1/22,,43,0,0,0,0,6,0,0
2016/1/23,늧,58,1,0,1,1,7,1,1
2016/1/24,,42,0,0,0,0,1,0,0
2016/1/25,깵,46,0,0,0,0,2,0,0
2016/1/26,괉,42,1,0,0,0,3,0,0
2016/1/27,낸,41,0,0,0,0,4,0,0
2016/1/28,뒞,53,1,0,0,0,5,0,0
2016/1/29,,68,1,0,0,0,6,0,0
2016/1/30,늧,78,1,0,2,1,7,2,1
2016/1/31,,79,1,0,1,1,1,1,1
2016/2/1,깵,50,1,0,1,1,2,1,1
2016/2/2,괉,31,1,0,0,0,3,0,0
2016/2/3,낸,40,1,0,0,0,4,0,0
2016/2/4,뒞,29,1,0,0,0,5,0,0
2016/2/5,,39,1,0,0,0,6,0,0
2016/2/6,늧,48,1,0,2,2,7,2,2
2016/2/7,,58,1,0,1,0,1,1,0
2016/2/8,깵,43,1,0,0,0,2,0,0
2016/2/9,괉,31,0,0,0,0,3,0,0
2016/2/10,낸,48,0,0,0,0,4,0,0
2016/2/11,뒞,42,1,0,1,0,5,1,0
2016/2/12,,55,0,0,1,0,6,1,0
2016/2/13,늧,53,0,0,2,1,7,2,1
2016/2/14,,51,1,0,1,0,1,1,0
2016/2/15,깵,45,0,0,0,0,2,0,0
2016/2/16,괉,33,0,0,0,0,3,0,0
2016/2/17,낸,26,0,0,0,0,4,0,0
2016/2/18,뒞,47,0,0,0,0,5,0,0
2016/2/19,,37,0,0,1,1,6,1,1
2016/2/20,늧,66,1,0,2,2,7,2,2
2016/2/21,,63,1,0,1,2,1,1,2
2016/2/22,깵,61,0,0,1,0,2,1,0
2016/2/23,괉,63,0,0,1,0,3,1,0
2016/2/24,낸,62,0,0,1,1,4,1,1
2016/2/25,뒞,63,1,0,1,0,5,1,0
2016/2/26,,71,0,0,2,1,6,2,1
2016/2/27,늧,83,1,0,3,2,7,3,2
2016/2/28,,68,0,0,2,2,1,2,2
2016/2/29,깵,77,1,0,2,1,2,2,1
2016/3/1,괉,63,1,0,2,1,3,2,1
2016/3/2,낸,59,1,0,1,1,4,1,1
2016/3/3,뒞,53,1,0,0,0,5,0,0
2016/3/4,,62,1,0,1,0,6,1,0
2016/3/5,늧,67,1,0,2,1,7,2,1
2016/3/6,,59,1,0,1,1,1,1,1
2016/3/7,깵,53,1,0,1,1,2,1,1
2016/3/8,괉,46,0,0,1,0,3,1,0
2016/3/9,낸,56,1,0,0,0,4,0,0
2016/3/10,뒞,60,1,0,0,0,5,0,0
2016/3/11,,66,0,0,1,0,6,1,0
2016/3/12,늧,84,1,0,2,2,7,2,2
2016/3/13,,77,0,0,1,1,1,1,1
2016/3/14,깵,69,1,0,1,1,2,1,1
2016/3/15,괉,81,0,0,2,1,3,2,1
2016/3/16,낸,78,0,0,1,2,4,1,2
2016/3/17,뒞,87,0,0,2,3,5,2,3
2016/3/18,,102,0,0,2,3,6,2,3
2016/3/19,늧,94,1,0,3,3,7,3,3
2016/3/20,,101,0,0,4,4,1,4,4
2016/3/21,깵,100,1,0,3,3,2,3,3
2016/3/22,괉,96,0,0,4,4,3,4,4
2016/3/23,낸,96,1,0,2,4,4,2,4
2016/3/24,뒞,94,1,0,3,2,5,3,2
2016/3/25,,90,1,0,4,5,6,4,5
2016/3/26,늧,93,1,0,5,5,7,5,5
2016/3/27,,94,1,0,5,4,1,5,4
2016/3/28,깵,86,1,0,4,4,2,4,4
2016/3/29,괉,98,1,0,4,4,3,4,4
2016/3/30,낸,99,1,0,5,4,4,5,4
2016/3/31,뒞,105,1,0,5,4,5,5,4
